Restaurant_Name,City,Cuisine,Average_Rating,Prices,Restaurant_Popularity,Is_Highly_Rated,Is_Expensive
12 To 12 BBQ, Kochi,Biryani,4.0,273.3641975308642,162.0,1.0,0.30246913580246915
1441 Pizzeria, Mumbai,Desserts,3.911132015620043,349.87466666666666,135.0,0.0,0.6370370370370371
1944 -The HOCCO Kitchen, Ahmedabad,Shake,4.3,356.2837837837838,222.0,1.0,0.44144144144144143
4M Biryani House, Hyderabad,Chinese,4.15,211.5703125,128.0,1.0,0.171875
7 Plates, Bangalore,Seafood,4.061132015620044,241.78212290502793,179.0,1.0,0.29608938547486036
99 Pancakes, Mumbai,Beverages,3.95,219.3475,188.0,0.0,0.14893617021276595
99 Variety Dosa & Pav Bhaji, Bangalore,Maharashtrian,3.7,117.13496932515338,163.0,0.0,0.006134969325153374
A Balaji Santosh Dhaba, Hyderabad,Chinese,3.85,288.59887005649716,177.0,0.0,0.2711864406779661
A-One Bombay Biryani, Ahmedabad,Biryani,3.4,163.85714285714286,35.0,0.0,0.02857142857142857
A1 Ambur Briyani & Kababs, Chennai,Chinese,3.85,254.0943396226415,106.0,0.0,0.1320754716981132
A2B - Adyar Ananda Bhavan, Bangalore,Beverages,3.75,154.3117117117117,344.0,0.0,0.08108108108108109
A2B - Adyar Ananda Bhavan, Chennai,Juices,3.9,188.52815450643777,344.0,0.0,0.06437768240343347
AB's - Absolute Barbecues, Chennai,Desserts,4.2,346.11380952380955,84.0,1.0,0.38095238095238093
Acme Candy Food, Hyderabad,Desserts,3.892724144860015,262.3529411764706,17.0,0.0,0.47058823529411764
Adhiya Beef Biriyani, Chennai,Biryani,3.711132015620044,163.66037735849056,106.0,0.0,0.0
Agarwal Caterers, Jaipur,Fast Food,3.95,132.35106750392467,637.0,0.0,0.09733124018838304
Agarwal's Desi Khana Khazana, Chennai,Rajasthani,3.5999999999999996,204.85534591194968,159.0,0.0,0.1949685534591195
Akbar Fast Food, Hyderabad,North Indian,3.35,126.0,5.0,0.0,0.0
Al - Hamoor Arabian Restaurant, Hyderabad,Desserts,3.811132015620044,428.0,5.0,0.0,0.6
Al Akbar Fast Food Corner, Hyderabad,Beverages,4.05,152.375,16.0,1.0,0.0
Al Baik, Chennai,Beverages,3.25,378.95959595959596,99.0,0.0,0.3434343434343434
Al Baik Fast Food, Ahmedabad,Sichuan,3.85,145.03086419753086,162.0,0.0,0.06790123456790123
Al Baik Xpress, Lucknow,Sandwich,3.4000000000000004,217.9406779661017,118.0,0.0,0.09322033898305085
Al Faham, Chennai,Beverages,3.6,267.06854838709677,248.0,0.0,0.24193548387096775
Al Farooj Sonu Kabab, Hyderabad,North Indian,3.95,181.6818181818182,44.0,0.0,0.0
Al Rabea Al Arabi Cafeteria, Hyderabad,Fast Food,3.8,162.95238095238096,42.0,0.0,0.11904761904761904
Al Rabea Mandi House, Hyderabad,Mandi,4.061132015620044,466.42857142857144,14.0,1.0,1.0
Al Taza, Kochi,Beverages,4.4,173.8235294117647,34.0,1.0,0.058823529411764705
Alibaba, Lucknow,Momos,3.861132015620044,141.64444444444445,90.0,0.0,0.0
Alinea Restaurant & Banquet, Ahmedabad,Desserts,3.95,235.8653846153846,156.0,0.0,0.27564102564102566
Alkakori, New Delhi,Rolls,3.861132015620044,357.1857142857143,70.0,0.0,0.8
Alpine Restaurant & Banquet, Ahmedabad,Beverages,4.0,207.46,150.0,1.0,0.02
Ambaram Fast Food, Chennai,Biryani,3.7,137.58620689655172,58.0,0.0,0.0
Ambika Foods, Hyderabad,Momos,3.861132015620044,154.2016806722689,119.0,0.0,0.0
Ambur Star Briyani, Chennai,Sichuan,4.1,340.65656565656565,198.0,1.0,0.2727272727272727
Amfah Hotel, Hyderabad,North Indian,3.9500000000000006,214.8048780487805,41.0,0.0,0.24390243902439024
Amma Ki Rasoi, Jaipur,Wraps,3.561132015620044,188.5952380952381,42.0,0.0,0.047619047619047616
Amritsar Punjab Paratha, Ahmedabad,Beverages,3.8,214.77586206896552,232.0,0.0,0.05172413793103448
Anand Bhajipav & Pulav Ankurwala, Ahmedabad,Street Food,3.9,127.92993630573248,157.0,0.0,0.0
Ande Ka Funda, Bangalore,Chinese,3.5,101.75838926174497,149.0,0.0,0.0
Andewalaz, Jaipur,Street Food,3.65,167.02189781021897,137.0,0.0,0.06569343065693431
Andhra Gunpowder, Bangalore,Hyderabadi,4.061132015620044,337.59375,96.0,1.0,0.4479166666666667
Anjappar, Chennai,Beverages,3.45,284.8728813559322,236.0,0.0,0.3940677966101695
Anjoy Latenight Meals, Ahmedabad,Beverages,3.9111320156200433,267.7607655502392,209.0,0.0,0.20095693779904306
Anju Sweets, New Delhi,Desserts,4.05,185.22252747252747,364.0,1.0,0.1401098901098901
Annamaya, Mumbai,Beverages,4.199999999999999,257.78969957081546,233.0,1.0,0.40772532188841204
Apni Rasoi Int, New Delhi,Fast Food,3.7,187.81333333333333,150.0,0.0,0.06666666666666667
Apoorva Delicacies, Mumbai,Beverages,3.95,244.67391304347825,460.0,0.0,0.33043478260869563
Arabian Central, Hyderabad,Fast Food,3.6,160.0,40.0,0.0,0.05
Arabian Dreams, Kochi,Shawarma,3.25,158.81379310344826,145.0,0.0,0.020689655172413793
Arabian Food Court, Hyderabad,Fast Food,3.9111320156200433,93.0,5.0,0.0,0.0
Arham, Jaipur,Beverages,4.1,228.8639240506329,316.0,1.0,0.2310126582278481
Ariena Boutique Hotel, Raipur,Pizza,4.05,354.4755244755245,286.0,1.0,0.6363636363636364
Armaani Biryani, Chennai,Seafood,3.7111320156200445,319.86486486486484,37.0,0.0,0.40540540540540543
Aroma's Hyderabad House, Pune,Beverages,4.1,321.5416666666667,216.0,1.0,0.6296296296296297
Aromas Cafe & Bistro, Mumbai,Beverages,4.15,364.98776758409787,327.0,1.0,0.5779816513761468
Aromas Of Biryani, Bangalore,North Indian,4.1,285.1468253968254,504.0,1.0,0.3134920634920635
Arsalan, Kolkata,Seafood,4.05,375.5323383084577,201.0,1.0,0.5124378109452736
Art Of Biryani, Hyderabad,Desserts,3.8500000000000005,349.969696969697,99.0,0.0,0.494949494949495
Art Of Dum, Mumbai,Beverages,4.111132015620044,531.2772277227723,101.0,1.0,0.7425742574257426
Ashifa Laziz Biryani, Raipur,Pizza,3.75,99.0,37.0,0.0,0.0
Asian Bowls By Zahvi, Goa,Vietnamese,3.892724144860015,512.5,4.0,0.0,1.0
Atlanta  Family Resto And Bar, Goa,Ice Cream,3.892724144860015,275.99378881987576,161.0,0.0,0.40993788819875776
Atom-Bomb Quality Kitchen, Goa,Sichuan,3.6611320156200433,302.33962264150944,53.0,0.0,0.5849056603773585
Axis Juice, Raipur,Pizza,4.011132015620044,184.572351543943,421.0,1.0,0.08076009501187649
BBQ Master, Chennai,Sichuan,3.8,217.14634146341464,123.0,0.0,0.032520325203252036
BOX8 - Desi Meals, Mumbai,Beverages,3.961132015620043,247.0261780104712,191.0,0.0,0.13089005235602094
Baap Of Rolls, New Delhi,Rolls,3.65,186.8095238095238,105.0,0.0,0.0
Babal Da Punjabi Dabha, Chennai,Beverages,4.300000000000001,277.9638242894057,387.0,1.0,0.4444444444444444
Balaji Fast Food, Jaipur,Street Food,3.6,118.0952380952381,105.0,0.0,0.0
Balaji Santosh Family Dhaba, Hyderabad,Beverages,3.95,238.99497487437185,199.0,0.0,0.2864321608040201
Balaram Mullick & Radharaman Mullick Sweets, Kolkata,Pizza,3.9000000000000004,116.05035971223022,139.0,0.0,0.03597122302158273
Balle Balle Delhi Wale Soya Chaap Zone, Lucknow,Street Food,4.05,175.87777777777777,90.0,1.0,0.0
Bar Malim, Goa,Fast Food,3.892724144860015,145.58823529411765,68.0,0.0,0.0
Barbeque Nation, Hyderabad,Beverages,4.0,657.6229508196722,119.0,1.0,0.9508196721311475
Barbeque Nation, Kolkata,Desserts,3.95,655.8275862068965,119.0,0.0,0.9482758620689655
Barista Coffee, Jaipur,Desserts,4.05,214.91176470588235,140.0,1.0,0.08823529411764706
Barista Coffee, Kolkata,Desserts,3.55,213.38888888888889,140.0,0.0,0.05555555555555555
Barrack's Grill, Hyderabad,Beverages,3.961132015620043,180.5,58.0,0.0,0.034482758620689655
Basant Dhaba, Jaipur,Beverages,3.45,204.25,208.0,0.0,0.22115384615384615
Basheer Bai Biriyani, Chennai,Kerala,3.55,162.0,10.0,0.0,0.0
Baskin Robbins - Ice Cream Desserts, Kochi,Beverages,4.1348463013343295,209.98577142857144,175.0,1.0,0.14857142857142858
Baskin Robbins Happyness Shakes, Kolkata,Beverages,3.9,242.3684210526316,19.0,0.0,0.0
Bawarchi, Hyderabad,Desserts,4.15,178.33333333333334,135.0,1.0,0.0962962962962963
Bedi's Naan House, Pune,Biryani,3.65,154.1978021978022,91.0,0.0,0.054945054945054944
Behrouz Biryani, Bangalore,Kebab,3.961132015620043,518.7029702970297,333.0,0.0,0.7128712871287128
Behrouz Biryani, Kolkata,Pizza,3.9611320156200427,642.4732142857143,333.0,0.0,0.7767857142857143
Behrouz Biryani, Raipur,Pizza,4.111132015620044,654.5833333333334,333.0,1.0,0.7666666666666667
Beijing Bites, Bangalore,Momos,3.7999999999999994,274.1474820143885,278.0,0.0,0.28776978417266186
Bektash Turkishcafe, Kochi,Juices,4.15,140.86868686868686,199.0,1.0,0.0
Bektash Turkishcafe, Kochi,Kebab,4.2,166.39,199.0,1.0,0.04
Bell Pepper Pizza, Jaipur,Beverages,4.0,199.7311827956989,93.0,1.0,0.22580645161290322
Best Belgian Waffle, Pune,Beverages,3.7,213.0,95.0,0.0,0.10526315789473684
Beyondburg Inc, Kochi,Continental,4.15,306.48333333333335,60.0,1.0,0.48333333333333334
Bhosle's Food Court, Goa,North Indian,3.3315921292399726,76.35483870967742,31.0,0.0,0.0
Big Bowl, Pune,Momos,3.8111320156200437,241.6985294117647,136.0,0.0,0.22058823529411764
Big Daddy's, Pune,Beverages,3.75,288.609756097561,123.0,0.0,0.25203252032520324
Big Fat Momo, Kochi,Fast Food,4.199999999999999,140.9746835443038,158.0,1.0,0.012658227848101266
Big Smokin Burgers, New Delhi,Beverages,3.9,219.0952380952381,126.0,0.0,0.14285714285714285
Biggies Burger, Pune,Desserts,4.1,202.52459016393442,122.0,1.0,0.12295081967213115
Bikkgane Biryani, Pune,Mughlai,3.811132015620044,335.1333333333333,150.0,0.0,0.36666666666666664
Billu Tandooria, Lucknow,Fast Food,4.15,221.10884353741497,147.0,1.0,0.20408163265306123
Binge Box, Raipur,Pizza,3.861132015620044,204.25252525252526,99.0,0.0,0.13131313131313133
Biriyani Bash, Kochi,Biryani,3.35,183.3783783783784,37.0,0.0,0.0
Biryani By Kilo, Mumbai,Kebab,4.011132015620044,441.7725,84.0,1.0,0.6428571428571429
Biryani Hub, Goa,Desserts,3.892724144860015,375.5,20.0,0.0,0.3
Bismillah Briyani & Fast Foods, Chennai,Sichuan,3.85,202.88023952095807,167.0,0.0,0.08383233532934131
Blue Nile, Pune,Beverages,3.85,256.699716713881,353.0,0.0,0.45609065155807366
Blue Sea Restaurant, Hyderabad,North Indian,3.961132015620043,213.57954545454547,176.0,0.0,0.23295454545454544
Blue Sea Tea & Bakery, Hyderabad,Bakery,3.8927241448600145,155.0,36.0,0.0,0.1388888888888889
Blue Tokai Coffee Roasters, Mumbai,Desserts,4.199999999999999,293.99621276595747,235.0,1.0,0.5361702127659574
Bole To Vadapav, Ahmedabad,Beverages,3.3,40.847457627118644,59.0,0.0,0.0
Bombay Natural's Pizza & Soya Chaap, Lucknow,Street Food,3.9,173.96907216494844,97.0,0.0,0.010309278350515464
Boojee Cafe, Mumbai,Desserts,4.4,347.69633507853405,191.0,1.0,0.518324607329843
Brik Oven, Bangalore,Shake,4.25,411.1194029850746,134.0,1.0,0.7388059701492538
Brown Sugar, Jaipur,Beverages,4.15,262.4681210191083,314.0,1.0,0.2611464968152866
BrownBear, Hyderabad,Fast Food,3.8,371.0,35.0,0.0,0.45714285714285713
Bucket Biryani, Bangalore,Kebab,3.9,497.78125,64.0,0.0,0.578125
Buhari Special Juice, Kochi,Beverages,4.15,85.625,32.0,1.0,0.0
Buhari Vintage Hotel, Chennai,Beverages,3.7999999999999994,296.8160377358491,212.0,0.0,0.4858490566037736
Bunk Class, Raipur,Pizza,3.85,135.5625,256.0,0.0,0.0078125
Burger - Since 1989, Pune,Fast Food,4.15,91.78571428571429,28.0,1.0,0.0
Burger Farm, Ahmedabad,Beverages,3.8000000000000003,180.64473684210526,191.0,0.0,0.06578947368421052
Burger Farm, Jaipur,Beverages,4.15,185.0295652173913,191.0,1.0,0.06956521739130435
Burger In Law, Kolkata,Pizza,3.9611320156200436,197.9,40.0,0.0,0.075
Burger King, Bangalore,Beverages,3.95,263.4726436781609,1352.0,0.0,0.3448275862068966
Burger King, Hyderabad,Fast Food,4.1,267.1848520710059,1352.0,1.0,0.3609467455621302
Burger King, Jaipur,Beverages,4.0,250.15141176470587,1352.0,1.0,0.2676470588235294
Burger King, Kochi,Beverages,4.05,238.5987837837838,1352.0,1.0,0.30405405405405406
Burger King, Kolkata,Beverages,4.1,243.56282485875707,1352.0,1.0,0.2711864406779661
Burger King, Mumbai,Beverages,3.65,261.40521739130435,1352.0,0.0,0.32298136645962733
Burger King, Pune,Beverages,3.6000000000000005,260.6789071038251,1352.0,0.0,0.31693989071038253
Burger Lane, Jaipur,Fast Food,3.6611320156200433,121.009,50.0,0.0,0.0
Burger Shack, Jaipur,Beverages,4.05,124.8360655737705,122.0,1.0,0.0
Burger Singh - Big Punjabi Burgers, Jaipur,Fast Food,4.0,206.07066176470587,279.0,1.0,0.16911764705882354
Burger Singh - Big Punjabi Burgers, Raipur,Pizza,3.8927241448600154,228.09,279.0,0.0,0.15384615384615385
Burger Spot, Kochi,Beverages,3.85,286.8151260504202,119.0,0.0,0.3445378151260504
Burger Xpress, New Delhi,Shake,3.8,150.7,170.0,0.0,0.06470588235294118
BurgerMan, Chennai,Beverages,4.35,256.5247524752475,101.0,1.0,0.2376237623762376
Burgeria, Kochi,Beverages,4.15,233.27777777777777,54.0,1.0,0.12962962962962962
Burgerino, Pune,Burger,3.6611320156200433,179.01492537313433,67.0,0.0,0.0
Burgs & Fries, Jaipur,Beverages,3.861132015620044,265.3532608695652,92.0,0.0,0.2608695652173913
CA's Kitchen, Raipur,Pizza,3.511132015620044,142.289453125,128.0,0.0,0.015625
CEE YEM Bakers, Kochi,Mandi,3.1500000000000004,121.15315315315316,111.0,0.0,0.036036036036036036
Cafe 17, Kochi,Beverages,4.35,276.1375661375661,189.0,1.0,0.3968253968253968
Cafe 36, Raipur,Pizza,3.6,133.4431137724551,167.0,0.0,0.011976047904191617
Cafe 555 & Aqeeq Restaurant, Hyderabad,Desserts,4.15,218.39518900343643,291.0,1.0,0.15120274914089346
Cafe Amin, Chennai,Beverages,4.15,208.41726618705036,139.0,1.0,0.12949640287769784
Cafe Ave Maria, Goa,Bakery,3.861132015620044,176.9277108433735,83.0,0.0,0.13253012048192772
Cafe Central, Goa,Street Food,3.95,114.08809523809524,21.0,0.0,0.0
Cafe Cilantro, Goa,Maharashtrian,3.761132015620044,237.98076923076923,52.0,0.0,0.40384615384615385
Cafe Cup Of Joy, Goa,Street Food,3.892724144860015,131.25,16.0,0.0,0.0
Cafe Durbar AFC, Kochi,Beverages,3.75,202.01734693877552,196.0,0.0,0.08163265306122448
Cafe Feed Me More, Goa,Fast Food,3.892724144860015,112.57575757575758,33.0,0.0,0.0
Cafe Niloufer, Hyderabad,Beverages,4.35,235.8102643171806,227.0,1.0,0.23348017621145375
Cafe Rasa, Goa,Sandwich,3.931592129239972,298.3333333333333,30.0,0.0,0.4666666666666667
Cake Destination, Goa,Desserts,3.8927241448600145,122.3076923076923,13.0,0.0,0.0
Cake Hut, Jaipur,Desserts,3.811132015620044,800.4,50.0,0.0,1.0
CakeZone, Hyderabad,Desserts,4.011132015620044,416.0851063829787,188.0,1.0,0.5053191489361702
Calicut Notebook, Kochi,Biryani,3.9499999999999997,249.09868421052633,152.0,0.0,0.17105263157894737
California Burrito, Hyderabad,Beverages,4.25,221.4361403508772,114.0,1.0,0.20175438596491227
Capital Multi Cuisine Restaurant, Hyderabad,Beverages,4.05,322.36805555555554,545.0,1.0,0.5659722222222222
Capital Multi Cuisine Restaurant, Hyderabad,Mughlai,3.2,352.715953307393,545.0,0.0,0.5719844357976653
Captain Chick, Jaipur,Fast Food,3.6,179.20289855072463,69.0,0.0,0.057971014492753624
Captain Kunafa, Hyderabad,Turkish,4.1,244.0909090909091,22.0,1.0,0.13636363636363635
Casa Blanca, Mumbai,Continental,3.711132015620044,355.0547244094488,508.0,0.0,0.6692913385826772
Ceylon Bake House, Kochi,Rolls,3.85,271.7842465753425,292.0,0.0,0.19863013698630136
Chaat Street, Bangalore,Beverages,3.811132015620044,143.02142857142857,140.0,0.0,0.014285714285714285
Chaayos Chai+Snacks=Relax, Pune,Beverages,3.8111320156200446,248.26994252873564,174.0,0.0,0.19540229885057472
Chai Govindam, Raipur,Pizza,3.95,75.69672131147541,61.0,0.0,0.0
Chaitanya, Mumbai,Beverages,4.45,236.91011235955057,89.0,1.0,0.3146067415730337
Chapter One, Raipur,Pizza,4.05,182.64864864864865,111.0,1.0,0.05405405405405406
Charcoal Eats - Biryani & Beyond, Mumbai,Rolls,3.961132015620043,527.5478048780487,123.0,0.0,0.6991869918699187
Chawla's Restaurant, Jaipur,Chinese,4.05,358.7206477732793,247.0,1.0,0.5263157894736842
Cheelizza - India Ka Pizza, Mumbai,Fast Food,3.861132015620044,324.2870813397129,209.0,0.0,0.3444976076555024
Cheers, Ahmedabad,Ice Cream,4.199999999999999,135.01967289719627,214.0,1.0,0.0
Chef's Kitchen, Raipur,Pizza,3.95,236.112,250.0,0.0,0.108
Chicago Pizza, Raipur,Pizza,3.35,268.2758620689655,87.0,0.0,0.3103448275862069
Chicking, Chennai,Fast Food,3.65,345.7654320987654,81.0,0.0,0.3333333333333333
Chickpet Donne Biryani House, Bangalore,Kebab,3.1999999999999997,306.72093023255815,86.0,0.0,0.29069767441860467
Chidambaram New Moorthy Cafe, Chennai,Beverages,4.199999999999999,247.7003745318352,267.0,1.0,0.2247191011235955
Chili's Grill & Bar, New Delhi,Beverages,4.3,408.7864077669903,103.0,1.0,0.7864077669902912
Chill Out, Pune,Beverages,4.0,112.52427184466019,103.0,1.0,0.0
Chinese Wok, Bangalore,Chinese,3.65,277.85561497326205,187.0,0.0,0.40641711229946526
Chitale Xpress, Mumbai,Beverages,4.061132015620044,105.112,125.0,1.0,0.032
Choice Only Veg, Pune,Chinese,4.15,153.53271028037383,214.0,1.0,0.02336448598130841
Chops 'N' Woks, Jaipur,Beverages,3.892724144860015,238.55421686746988,83.0,0.0,0.27710843373493976
Chote Nawab, Mumbai,Sichuan,3.7999999999999994,264.69182389937106,318.0,0.0,0.24528301886792453
Chotu's The Food People, Hyderabad,Biryani,3.6999999999999997,106.69426751592357,157.0,0.0,0.0
Choudhary Dhaba, Jaipur,Chinese,3.65,141.50222222222223,225.0,0.0,0.03111111111111111
Chowman, Kolkata,Beverages,4.25,291.8337874659401,367.0,1.0,0.4768392370572207
Chung Fa Restaurant, Lucknow,Fast Food,4.05,369.9465240641711,187.0,1.0,0.7967914438502673
Coffee Cream, Hyderabad,Chinese,3.6,166.58407079646017,113.0,0.0,0.017699115044247787
Confusion Box, Raipur,Pizza,3.761132015620044,228.7289719626168,107.0,0.0,0.11214953271028037
Copper Chocs, Pune,Desserts,3.75,461.86400000000003,10.0,0.0,1.0
Courtallam Border Rahmath Kadai, Chennai,Biryani,4.0,242.3305785123967,121.0,1.0,0.30578512396694213
Craving Bites, Lucknow,Street Food,3.761132015620044,140.47368421052633,95.0,0.0,0.06315789473684211
Cream Craver, Pune,Beverages,4.15,205.9540425531915,282.0,1.0,0.1099290780141844
Cream Stone Ice Cream, Hyderabad,Desserts,4.199999999999999,264.7217391304348,115.0,1.0,0.1391304347826087
Creams N Caffeine, Raipur,Pizza,3.9,181.55980861244018,209.0,0.0,0.03827751196172249
Crispy Studio, Bangalore,Biryani,4.15,233.6571304347826,115.0,1.0,0.2
Crystal Restaurant & Bar, Hyderabad,Biryani,4.05,297.68398268398266,231.0,1.0,0.5151515151515151
Cups & Cones, Kochi,Beverages,4.05,171.33333333333334,150.0,1.0,0.09333333333333334
D Pizza Club, Lucknow,Desserts,3.85,232.8828125,128.0,0.0,0.203125
Dadar Social, Mumbai,Beverages,4.15,353.7068965517241,116.0,1.0,0.8017241379310345
Daily Sushi, Bangalore,Beverages,4.3,434.6818181818182,220.0,1.0,0.7272727272727273
Dakshin Swaad, Raipur,Pizza,3.95,98.51063829787235,47.0,0.0,0.0
Dangee Dums, Ahmedabad,Desserts,3.9611320156200427,203.07285714285715,56.0,0.0,0.26785714285714285
Das Khaman, Ahmedabad,Street Food,4.061132015620044,96.8873076923077,26.0,1.0,0.0
Dastarkhwan, Lucknow,Awadhi,4.25,200.125,56.0,1.0,0.14285714285714285
Day 'N' Night, Ahmedabad,Street Food,3.6,145.30864197530863,243.0,0.0,0.012345679012345678
Delhi Darbar Dhaba, New Delhi,Mughlai,3.75,233.19850187265916,267.0,0.0,0.24719101123595505
Delhi Dhaba, Chennai,Beverages,3.4,280.51181102362204,127.0,0.0,0.5118110236220472
Delhi Zaika, Mumbai,Beverages,3.7,428.10277777777776,360.0,0.0,0.7944444444444444
Deva Food Mart, Lucknow,North Indian,4.2,190.20325203252034,123.0,1.0,0.2601626016260163
Diggin, New Delhi,Beverages,4.15,394.81366459627327,161.0,1.0,0.6521739130434783
Dimsum Momo Express, Mumbai,Chinese,3.85,222.66145833333334,192.0,0.0,0.052083333333333336
Dindigul Thalappakatti, Kochi,Beverages,3.9111320156200433,322.4486206896552,145.0,0.0,0.4413793103448276
Dindigul Veetu Kalyanam, Chennai,Biryani,3.6611320156200433,200.5,44.0,0.0,0.09090909090909091
Dine Hill, Hyderabad,Chinese,4.0,312.90625,128.0,1.0,0.453125
Dip N Bite, Jaipur,Beverages,3.75,135.3709677419355,62.0,0.0,0.0
Domino's Pizza, Bangalore,Fast Food,3.55,334.4364,1435.0,0.0,0.41714285714285715
Domino's Pizza, Chennai,Desserts,3.85,331.0798895027624,1435.0,0.0,0.4530386740331492
Domino's Pizza, Jaipur,Fast Food,3.55,247.61873493975904,1435.0,0.0,0.27710843373493976
Domino's Pizza, Kochi,Desserts,3.4499999999999997,284.1666666666667,1435.0,0.0,0.345679012345679
Domino's Pizza, Kolkata,Fast Food,3.9,293.7175392670157,1435.0,0.0,0.36649214659685864
Domino's Pizza, Mumbai,Fast Food,3.2,317.9511052631579,1435.0,0.0,0.4368421052631579
Domino's Pizza, Pune,Desserts,3.25,332.7200558659218,1435.0,0.0,0.45251396648044695
Doner King, Hyderabad,Fast Food,4.05,171.34782608695653,46.0,1.0,0.0
Donne Biriyani Mane, Bangalore,South Indian,3.8,394.98,50.0,0.0,0.32
Donne Biryani House, Bangalore,South Indian,3.85,166.0,20.0,0.0,0.0
Donut Factory, Kochi,Beverages,4.0,228.5493827160494,162.0,1.0,0.2839506172839506
Down Town Restaurant & Cafeteria, Hyderabad,Beverages,3.8927241448600145,153.07692307692307,13.0,0.0,0.0
Dream Cutlets, Kochi,Fast Food,4.211132015620043,51.18518518518518,27.0,1.0,0.0
Dreams Cafe, Kolkata,Pizza,3.761132015620044,161.65322580645162,124.0,0.0,0.08064516129032258
Dum Safar Biryani, Ahmedabad,Desserts,4.061132015620044,666.275,217.0,1.0,0.875
Dum Safar Biryani, Mumbai,Desserts,3.861132015620044,653.6760563380282,217.0,0.0,0.8028169014084507
Dum Safar Biryani, Ulsoor,Desserts,3.9111320156200433,670.2424242424242,217.0,0.0,0.8181818181818182
Eagle Bites Pizza, Kolkata,Pizza,4.15,217.16438356164383,146.0,1.0,0.3150684931506849
EasyBites by Empire, Bangalore,Beverages,3.861132015620044,216.9512195121951,123.0,0.0,0.13821138211382114
EatFit, Bangalore,Beverages,3.9611320156200436,229.59375,314.0,0.0,0.2625
EatFit, Chennai,Beverages,3.9111320156200433,233.97402597402598,314.0,0.0,0.21428571428571427
Eating Circles, Chennai,South Indian,4.35,148.44736842105263,76.0,1.0,0.0
Edabba, Kolkata,Pizza,3.861132015620044,185.5191256830601,183.0,0.0,0.04918032786885246
Empire Plaza, Kochi,South Indian,3.45,218.70781893004116,243.0,0.0,0.1111111111111111
Evoke, Goa,Thai,3.892724144860015,336.5,4.0,0.0,0.5
Exotica, Hyderabad,Beverages,4.449999999999999,561.7751479289941,169.0,1.0,0.8461538461538461
Express By ABs, Hyderabad,Biryani,3.8111320156200437,290.30559139784947,93.0,0.0,0.24731182795698925
FFC, Kochi,Burger,3.7611320156200443,283.01234567901236,81.0,0.0,0.2962962962962963
FPF  Coffee Wale Bhaiya, Jaipur,Beverages,3.6000000000000005,144.45454545454547,99.0,0.0,0.010101010101010102
FPF Coffee Wale Bhaiya, Jaipur,Beverages,3.95,147.53684210526316,95.0,0.0,0.021052631578947368
Faasos - Wraps & Rolls, Hyderabad,Rolls,3.9111320156200433,291.84420814479637,406.0,0.0,0.2895927601809955
Faasos - Wraps & Rolls, Mumbai,North Indian,3.9111320156200433,307.20108108108104,406.0,0.0,0.32972972972972975
Falooda Nation, Kochi,Beverages,3.75,200.13861386138615,101.0,0.0,0.0
Fancy Ice Cream, Hyderabad,Ice Cream,3.55,137.97368421052633,114.0,0.0,0.05263157894736842
Farki, Ahmedabad,Desserts,4.05,102.54046511627908,129.0,1.0,0.015503875968992248
Farzi Cafe, New Delhi,Desserts,4.25,487.8301886792453,53.0,1.0,0.8867924528301887
Fayrouz, Ahmedabad,Beverages,4.199999999999999,551.6802507836991,319.0,1.0,0.9435736677115988
Ferrara Pizzeria, Chennai,Fast Food,4.0,332.9375,32.0,1.0,0.75
Firangi Bake, Mumbai,Mexican,3.961132015620043,330.7529411764706,85.0,0.0,0.4117647058823529
Firebirds, Kochi,Beverages,4.061132015620044,194.0625,32.0,1.0,0.0
Firewood Pizza, Jaipur,Italian,3.561132015620044,168.064,125.0,0.0,0.008
Five Star Chicken, Bangalore,Burger,3.5,91.74193548387096,53.0,0.0,0.0
Five Star Chicken, Chennai,Rolls,3.611132015620044,209.54545454545453,53.0,0.0,0.18181818181818182
Flavorsome Feasts, Jaipur,Beverages,3.761132015620044,280.7241379310345,145.0,0.0,0.3448275862068966
Flavours Of China, Mumbai,Seafood,4.1,336.75757575757575,330.0,1.0,0.806060606060606
Food Adda, Mumbai,Beverages,3.85,208.2,125.0,0.0,0.112
Food Darzee, Mumbai,Biryani,3.761132015620044,349.7439024390244,82.0,0.0,0.6707317073170732
Food Track, Hyderabad,Beverages,4.199999999999999,130.04854368932038,103.0,1.0,0.0
Francescos Pizzeria, Mumbai,Fast Food,3.861132015620044,510.56,75.0,0.0,0.76
FreshMenu, Bangalore,Chinese,3.8611320156200435,260.37793103448274,1097.0,0.0,0.09517241379310344
FreshMenu, Mumbai,Chinese,3.8611320156200435,257.508064516129,1097.0,0.0,0.0967741935483871
Fried Chicken Destination, Pune,Fast Food,3.95,331.03076923076924,65.0,0.0,0.38461538461538464
Fried Chicken Wala, Kolkata,Pizza,4.0,209.92857142857142,196.0,1.0,0.11734693877551021
Friedisthan, Jaipur,Beverages,3.961132015620043,278.7033333333333,168.0,0.0,0.25595238095238093
Fuel Up, Mumbai,Beverages,4.1,247.74496644295303,149.0,1.0,0.21476510067114093
GOPIZZA, Banaswadi,Fast Food,3.75,335.8932989690722,97.0,0.0,0.5154639175257731
Gajanand Pauva House, Ahmedabad,Shake,3.8,111.25,204.0,0.0,0.0
Galaxy Food Centre, Raipur,Pizza,3.711132015620044,132.10526315789474,95.0,0.0,0.0
Game Of Spices, Jaipur,Sichuan,4.0,330.9105691056911,246.0,1.0,0.5040650406504065
Ganesh Bhojnalaya, Jaipur,North Indian,3.8,109.03370786516854,89.0,0.0,0.0
Garden Vada Pav Centre, Pune,Beverages,3.95,159.375,16.0,0.0,0.1875
Gelatica Gelato - Ice Cream, Hyderabad,Desserts,3.861132015620044,99.0,22.0,0.0,0.0
George Restaurant, Pune,Beverages,3.95,311.8627450980392,204.0,0.0,0.5735294117647058
Ghar Ka Khana by EatFit, Ahmedabad,Beverages,3.7111320156200445,173.41176470588235,85.0,0.0,0.07058823529411765
Ghungroo Seth Vada Pav Company, Jaipur,Fast Food,4.011132015620044,81.875,24.0,1.0,0.0
Go Biryan, Mumbai,Rolls,3.861132015620044,391.48223880597016,134.0,0.0,0.7014925373134329
Go Grill, Chennai,Bbq,3.6,200.83898305084745,118.0,0.0,0.1271186440677966
Goa'rmet By The Tiffin Factory, Goa,Desserts,3.892724144860015,218.8188976377953,127.0,0.0,0.2047244094488189
Goila Butter Chicken, Bangalore,Rolls,3.8611320156200435,292.61176470588236,170.0,0.0,0.4823529411764706
Gokul Oottupura, Kochi,Shake,4.0,166.63291139240508,158.0,1.0,0.0
Gokul Refreshment, Mumbai,Beverages,4.15,182.07692307692307,208.0,1.0,0.03365384615384615
Golden Dragon, Kochi,Desserts,4.1,257.59071729957805,237.0,1.0,0.39662447257383965
Golden Joy, Kolkata,Pizza,4.2,228.11320754716982,53.0,1.0,0.05660377358490566
Goli Rolls And Vada Pav, Raipur,Pizza,4.061132015620044,110.85106382978724,94.0,1.0,0.0
Goli Vada Pav No. 1, Bangalore,Ice Cream,3.5,96.0559574468085,47.0,0.0,0.0
Goli Vadapav No.1, Lucknow,Beverages,3.5,138.77777777777777,27.0,0.0,0.1111111111111111
Good Flippin' Burgers, New Delhi,Fast Food,4.111132015620044,254.7826086956522,69.0,1.0,0.36231884057971014
Goofy's Pizza, Jaipur,Pizza,3.7111320156200436,201.40243902439025,82.0,0.0,0.14634146341463414
Gopaljee Cafe, Bangalore,Beverages,4.1,135.15625,64.0,1.0,0.0
Gopi Bhog, Ahmedabad,Biryani,3.65,262.8788079470198,151.0,0.0,0.40397350993377484
Gordhan Thaal, Ahmedabad,North Indian,4.199999999999999,493.75,8.0,1.0,0.25
Goutam's, Kolkata,Pizza,3.25,140.2941176470588,136.0,0.0,0.0
Govind Dosa, Hyderabad,South Indian,3.95,89.48529411764706,68.0,0.0,0.0
Goyaan, Goa,Fast Food,3.892724144860015,165.31914893617022,47.0,0.0,0.0
Grab Feast, Kolkata,Pizza,3.7611320156200434,111.0,46.0,0.0,0.0
Grameen Kulfi, Kochi,Desserts,4.061132015620044,105.47714285714287,28.0,1.0,0.0
Grand Bawarchi Restaurant, Hyderabad,Kebab,4.2,338.05555555555554,72.0,1.0,0.7638888888888888
Grand Hotel, Hyderabad,Beverages,4.15,202.51196172248802,209.0,1.0,0.08133971291866028
Grandson Of Tunday Kababi, Lucknow,Biryani,3.85,201.62222222222223,45.0,0.0,0.08888888888888889
Great Indian Khichdi by EatFit, Chennai,Beverages,3.9111320156200433,185.06976744186048,86.0,0.0,0.0
Grill A Delics, Chennai,Beverages,3.9499999999999997,254.19078947368422,152.0,0.0,0.29605263157894735
Grillin' It, Goa,Biryani,3.6999999999999997,283.2716049382716,81.0,0.0,0.35802469135802467
Gusto Pizza, Chennai,Fast Food,3.811132015620044,258.4054054054054,111.0,0.0,0.17117117117117117
HFC, Kolkata,Pizza,3.9,193.06666666666666,15.0,0.0,0.26666666666666666
HL Frankie, Ahmedabad,Beverages,3.8,238.63076923076923,65.0,0.0,0.07692307692307693
HRX by EatFit, Mumbai,Salad,4.061132015620044,269.6533333333333,75.0,1.0,0.4
HSR High Street, Bangalore,Desserts,3.95,220.9763779527559,254.0,0.0,0.07874015748031496
Haji Ebrahim, Kochi,Juices,3.9500000000000006,104.375,72.0,0.0,0.0
Haka, Mumbai,Sichuan,3.861132015620044,303.77953488372094,86.0,0.0,0.5
Hari Om Centre, Ahmedabad,Gujarati,3.5,221.23926380368098,163.0,0.0,0.20245398773006135
Hari Om Chole Puri, Ahmedabad,Gujarati,3.85,222.65060240963857,166.0,0.0,0.18674698795180722
Hari Super Sandwich, Bangalore,Pizza,4.0,89.72549019607843,164.0,1.0,0.0
Hari Super Sandwich, Bangalore,Street Food,3.8,84.00884955752213,164.0,0.0,0.0
Harishankar Veg Restro, Jaipur,Beverages,3.925192307692308,187.97115384615384,520.0,0.0,0.05384615384615385
Hashtag Foods, New Delhi,Beverages,3.9,263.2151162790698,172.0,0.0,0.29651162790697677
Hatari, Kolkata,Pizza,4.0,357.1123595505618,356.0,1.0,0.6629213483146067
Havmor Havfunn Ice Cream, Ahmedabad,Desserts,3.9,211.67222222222222,108.0,0.0,0.25
Hello Burger's, Mumbai,Sichuan,3.9111320156200433,106.66666666666667,111.0,0.0,0.0
Hil Pizza, Jaipur,Beverages,3.5,237.68253968253967,63.0,0.0,0.20634920634920634
Hira Sweets, New Delhi,Mithai,3.9111320156200433,225.7517098445596,386.0,0.0,0.21761658031088082
Home Town Pizza, Lucknow,Pizza,3.8611320156200444,101.07894736842105,38.0,0.0,0.0
Hot 100, Raipur,Pizza,4.25,203.18250950570342,263.0,1.0,0.0038022813688212928
Hot Chemistry- Indian Heritage Hotel, Raipur,Pizza,4.15,188.75384615384615,65.0,1.0,0.03076923076923077
Hot N Spicy, Mumbai,Sichuan,3.711132015620044,130.58139534883722,86.0,0.0,0.0
Hot Pizza Ace, Lucknow,Shake,3.7111320156200436,214.59375,192.0,0.0,0.16666666666666666
Hotel Hyderabadi, Raipur,Pizza,3.9095190586458815,159.6,215.0,0.5209302325581395,0.04186046511627907
Hotel Karavali Food Point, Bangalore,Chinese,3.65,135.60087719298247,228.0,0.0,0.04824561403508772
Hotel Lazeez Al Darbar, Lucknow,Biryani,4.0,138.90196078431373,51.0,1.0,0.0196078431372549
Hotel N.G.T Non Veg, Bangalore,Chinese,3.911132015620043,160.375,96.0,0.0,0.020833333333333332
Hotel Navayuga, Bangalore,Biryani,4.300000000000001,350.0,18.0,1.0,0.3333333333333333
Hotel Nayaab, Hyderabad,Beverages,4.15,273.9583333333333,72.0,1.0,0.18055555555555555
Hotel Paramount, Chennai,Beverages,4.15,212.512,250.0,1.0,0.12
Hotel Rumaan, Hyderabad,North Indian,4.1,190.20967741935485,62.0,1.0,0.0
Hotel Sennthur, Chennai,Beverages,4.0,137.07981220657277,213.0,1.0,0.0
Hotel Shadab, Hyderabad,Beverages,4.199999999999999,283.77659574468083,94.0,1.0,0.5425531914893617
Hotel Shubham Prestige, Hyderabad,Beverages,3.65,222.64556962025316,237.0,0.0,0.21940928270042195
Hotel Swagath Grand, Hyderabad,Beverages,4.1,226.30701754385964,228.0,1.0,0.22807017543859648
Hotel Topform, Kochi,Shake,3.861132015620044,229.1551724137931,174.0,0.0,0.14367816091954022
Hoy Punjab, Kochi,Beverages,4.0,434.66584507042256,142.0,1.0,0.7183098591549296
Hundo Pizza, Mumbai,American,3.961132015620043,316.140350877193,57.0,0.0,0.5964912280701754
Hyderabadi Laziz, Pune,Hyderabadi,3.65,337.81538461538463,65.0,0.0,0.4307692307692308
I Love Haldiram, Kolkata,Pizza,3.5,78.40600961538462,208.0,0.0,0.019230769230769232
IBC (Indian Biryani Company), Bangalore,Mughlai,3.7611320156200434,258.2151898734177,79.0,0.0,0.3924050632911392
ICP Italian Crust Pizza, New Delhi,Fast Food,3.6611320156200433,223.41071428571428,56.0,0.0,0.08928571428571429
Ibrahim Biriyani, Chennai,Kebab,3.9,110.0,10.0,0.0,0.0
Iconic Cafe, Raipur,Pizza,3.9111320156200438,98.46938775510205,98.0,0.0,0.0
If Pizza, New Delhi,Fast Food,4.2,183.12820512820514,117.0,1.0,0.05982905982905983
Imperial Bakery - Since 1955, Pune,Bakery,3.892724144860015,51.3472,25.0,0.0,0.0
Indira Darshini, Hyderabad,North Indian,4.05,118.17117117117117,111.0,1.0,0.0
Iqbal Cafe, Hyderabad,Biryani,3.7000000000000006,111.25,36.0,0.0,0.08333333333333333
Iscon Thal, Ahmedabad,Gujarati,3.95,242.8765909090909,44.0,0.0,0.13636363636363635
Istanbul, Hyderabad,Wraps,4.3,176.4102564102564,39.0,1.0,0.05128205128205128
Italian Bay, Mumbai,Beverages,4.011132015620044,325.8979591836735,147.0,1.0,0.5986394557823129
Italian Pizzeria, Hyderabad,Shake,3.75,179.5505617977528,178.0,0.0,0.0056179775280898875
Italio's Pizza, Ahmedabad,Fast Food,3.861132015620044,215.95384615384614,65.0,0.0,0.23076923076923078
Iyer Mess, Bangalore,South Indian,3.8,56.57142857142857,7.0,0.0,0.0
JBT Jaipur Burger Truck, Jaipur,Fast Food,4.05,195.41592920353983,113.0,1.0,0.02654867256637168
JMD Bakery & Fast Food, Jaipur,Beverages,3.8999999999999995,130.70224719101122,178.0,0.0,0.0056179775280898875
Jai Bhavani Snacks Center, Pune,Beverages,3.9,38.75,16.0,0.0,0.0
Jal Mahal Ice Cream Parlour, Jaipur,Beverages,4.25,211.84738955823292,249.0,1.0,0.1606425702811245
Jalaram, Ahmedabad,North Indian,4.1,118.1734693877551,98.0,1.0,0.0
Jalaram Parotha House, Ahmedabad,North Indian,3.861132015620044,88.25,108.0,0.0,0.0
Jalaram Sweets And Namkeen, Raipur,Pizza,3.961132015620043,109.53846153846153,91.0,0.0,0.0
Jango'z, Chennai,Fast Food,3.75,358.26575757575756,99.0,0.0,0.48484848484848486
Jassi De Parathe, Ahmedabad,Beverages,4.3,230.89473684210526,190.0,1.0,0.2578947368421053
Jay Bhavani Vadapav, Ahmedabad,Beverages,3.5499999999999994,75.0,154.0,0.0,0.0
Jay Shree Jalaram Parotha House, Ahmedabad,Kathiyawadi,3.611132015620044,99.78518518518518,135.0,0.0,0.0
Jhakas Family Restaurant, Mumbai,Sichuan,3.761132015620044,345.86770428015564,257.0,0.0,0.5758754863813229
Jimis Burger, Mumbai,Beverages,4.25,274.45631067961165,103.0,1.0,0.4368932038834951
Joshis Masala Mantra, Goa,Sichuan,3.861132015620044,232.2549019607843,153.0,0.0,0.05228758169934641
Jubilee Restaurant, Goa,Chinese,3.8927241448600154,133.88888888888889,81.0,0.0,0.0
Jugos, Kochi,Beverages,3.9111320156200433,124.65,100.0,0.0,0.03
Juicy, Kochi,Desserts,4.15,113.94736842105263,76.0,1.0,0.0
Junior Kuppanna, Chennai,Beverages,3.5,357.280487804878,164.0,0.0,0.5853658536585366
Juno's Pizza - Baking Fresh Since 1974, Mumbai,Beverages,4.0,295.1904761904762,126.0,1.0,0.2777777777777778
Just A Sec, Jaipur,North Indian,3.711132015620044,156.8923076923077,65.0,0.0,0.09230769230769231
Just Cakes, Bangalore,Desserts,3.961132015620043,331.0416666666667,48.0,0.0,0.7708333333333334
Just Chaska, Raipur,Pizza,3.55,152.88888888888889,45.0,0.0,0.0
KFC, Bangalore,Beverages,3.85,366.41025423728814,751.0,0.0,0.5423728813559322
KFC, Chennai,Fast Food,3.7,322.41228260869565,751.0,0.0,0.42391304347826086
KFC, Kochi,Beverages,4.0,350.32349999999997,751.0,1.0,0.5
KFC, Kolkata,Beverages,4.1,373.4083783783784,751.0,1.0,0.5045045045045045
KFC, Mumbai,Desserts,3.761132015620044,335.88180180180177,751.0,0.0,0.46846846846846846
KFC, Pune,Beverages,3.75,319.39175925925923,751.0,0.0,0.4351851851851852
KGN Chicken Corner & Biryani Center, Raipur,Pizza,3.4,98.3695652173913,46.0,0.0,0.0
KGN Xprs, Pune,Sichuan,3.861132015620044,238.52252252252254,111.0,0.0,0.09009009009009009
KMS Hakkim Kalyana Biriyani, Chennai,Beverages,3.3,316.1456310679612,309.0,0.0,0.42718446601941745
KS Bakers, Hyderabad,Burger,3.6,202.03676470588235,136.0,0.0,0.15441176470588236
Kanha, Jaipur,Desserts,4.0,168.31254817987153,934.0,1.0,0.12205567451820129
Kanji, Jaipur,South Indian,4.05,212.9719387755102,196.0,1.0,0.12755102040816327
Kannu Ki Chai, Pune,Coffee,3.85,149.1294827586207,116.0,0.0,0.0603448275862069
Karachi Bakery, Hyderabad,Fast Food,3.811132015620044,309.88070967741936,155.0,0.0,0.25161290322580643
Karachi Sweet Mart, Pune,Fast Food,3.861132015620044,362.4271844660194,206.0,0.0,0.3592233009708738
Karnataka Biryani Point, Bangalore,South Indian,3.75,89.44444444444444,9.0,0.0,0.0
Karnavati Dabeli, Ahmedabad,Fast Food,3.8499999999999996,67.98701298701299,77.0,0.0,0.0
Karnavati Snacks, Ahmedabad,Sandwich,3.5,117.46031746031746,189.0,0.0,0.0
Kataria's, Bangalore,Beverages,3.3,99.88764044943821,178.0,0.0,0.0056179775280898875
Kathi Junction, Kolkata,Pizza,3.95,144.8913043478261,46.0,0.0,0.10869565217391304
Keifer, Chennai,Shake,3.761132015620044,153.78542510121457,247.0,0.0,0.04048582995951417
Keventers - Milkshakes & Desserts, Bangalore,Desserts,3.85,216.5340476190476,382.0,0.0,0.007936507936507936
Keventers - Milkshakes & Desserts, Kolkata,Desserts,3.75,230.47380952380954,382.0,0.0,0.007936507936507936
Keventers - Milkshakes & Desserts, Pune,Desserts,3.8,226.1330769230769,382.0,0.0,0.007692307692307693
Keventers Ice Cream, Magrath Road,Desserts,3.6,226.76981481481482,54.0,0.0,0.09259259259259259
Khalids Biriyani, Chennai,Chinese,3.65,604.0540579710146,138.0,0.0,0.463768115942029
Khana Khazana, Kolkata,Pizza,3.9500000000000006,225.16501650165017,303.0,0.0,0.18811881188118812
Khandelwal Dhaba Purana Wala, Jaipur,South Indian,3.95,179.23529411764707,119.0,0.0,0.07563025210084033
Khichdi Etc, Ahmedabad,North Indian,4.300000000000001,239.18965517241378,116.0,1.0,0.2672413793103448
Kikki's Cafe, Raipur,Pizza,4.0,214.01408450704224,142.0,1.0,0.09859154929577464
Kim Ling Chinese Restaurant, Chennai,Beverages,4.3,295.06734006734007,297.0,1.0,0.3265993265993266
King Of Burger, Pune,Beverages,3.761132015620044,155.53947368421052,76.0,0.0,0.05263157894736842
Kingdoms Pizza, Jaipur,Fast Food,3.6,176.65873015873015,126.0,0.0,0.023809523809523808
Kings Kulfi, New Delhi,Shake,4.45,106.008,125.0,1.0,0.0
Kolkata Famous Kati Roll, Bangalore,Rolls,3.7111320156200436,81.05263157894737,19.0,0.0,0.0
Kreamz, Kolkata,Pizza,3.8,65.21153846153847,52.0,0.0,0.057692307692307696
Krispy Kreme, Bangalore,Beverages,3.95,208.17021276595744,47.0,0.0,0.14893617021276595
Kritunga, Hyderabad,Beverages,3.4000000000000004,257.5,12.0,0.0,0.25
Kuduk Chicken, Lucknow,Burger,4.0,299.6034482758621,180.0,1.0,0.39655172413793105
Kuduk Chicken, Lucknow,Fast Food,4.15,325.375,180.0,1.0,0.421875
Kunafa House, Chennai,Desserts,4.05,353.1818181818182,22.0,1.0,0.8181818181818182
Kunafa World, Kochi,Desserts,4.1,438.9795918367347,49.0,1.0,0.9591836734693877
Kwality Wall's Frozen Dessert And Ice Cream Shop, Kolkata,Ice Cream,4.111132015620044,182.5609756097561,41.0,1.0,0.1951219512195122
Kwality Walls Frozen Dessert And Ice Cream Shop, Jaipur,Desserts,4.061132015620044,166.94,50.0,1.0,0.14
Kwality Walls Frozen Dessert and Ice Cream Shop, Bangalore,Desserts,4.011132015620044,156.03571428571428,127.0,1.0,0.10714285714285714
Kwality Walls Frozen Dessert and Ice Cream Shop, Hyderabad,Desserts,4.161132015620043,185.63636363636363,127.0,1.0,0.13636363636363635
Kwality Walls Frozen Dessert and Ice Cream Shop, Pune,Desserts,4.111132015620044,162.3469387755102,127.0,1.0,0.14285714285714285
LA'Pizza Club, Lucknow,Beverages,3.9111320156200438,157.10256410256412,39.0,0.0,0.0
La Milano Pizzeria, Ahmedabad,Fast Food,4.1,261.6792452830189,159.0,1.0,0.07547169811320754
La Pino'z Pizza, Bangalore,Fast Food,3.2,205.56209150326796,868.0,0.0,0.026143790849673203
La Pino'z Pizza, Hyderabad,Fast Food,3.9499999999999997,207.30263157894737,868.0,0.0,0.019736842105263157
La Pino'z Pizza, Jaipur,Fast Food,3.9,225.95652173913044,868.0,0.0,0.1111111111111111
La Pino'z Pizza, Kolkata,Fast Food,3.7,226.47979797979798,868.0,0.0,0.11616161616161616
La Pino'z Pizza, Mumbai,Pasta,3.9111320156200433,209.9367088607595,868.0,0.0,0.02531645569620253
Lalla Biryani - Since 1985, Lucknow,Mughlai,3.911132015620043,140.83333333333334,6.0,0.0,0.0
Lassi N Cafe, Bangalore,Beverages,3.8,124.40625,160.0,0.0,0.01875
Lassi Shop, Bangalore,Fast Food,3.55,86.71428571428571,294.0,0.0,0.0
Lassi Shop, Hyderabad,Desserts,3.75,110.34415584415585,294.0,0.0,0.0
Late Night Biryani, Hyderabad,North Indian,3.611132015620044,215.42857142857142,56.0,0.0,0.14285714285714285
Lazeez Biryani, Kolkata,Pizza,3.65,202.3181818181818,44.0,0.0,0.25
Laziz Chicken Food Restaurant, Jaipur,Chinese,3.9,203.64444444444445,90.0,0.0,0.12222222222222222
Laziz Pizza, Jaipur,Beverages,3.8499999999999996,157.94444444444446,72.0,0.0,0.05555555555555555
LeanCrust Pizza - ThinCrust Experts, Mumbai,Beverages,4.161132015620043,410.1214953271028,107.0,1.0,0.7009345794392523
Leon's Burgers & Wings, Hyderabad,Fast Food,3.75,221.20527131782944,129.0,0.0,0.15503875968992248
Let's Eat Bakers, Kochi,Sandwich,4.111132015620044,177.87974683544303,158.0,1.0,0.0949367088607595
Lina's Brickoven Newyork Pizzeria, Chennai,Fast Food,4.25,552.1103448275862,145.0,1.0,0.7793103448275862
Little Hut, Chennai,Bbq,3.8,240.72941176470587,255.0,0.0,0.24705882352941178
Little India, Chennai,Biryani,4.1,230.95951417004048,247.0,1.0,0.19433198380566802
Little Italy, Chennai,Pizza,4.1,451.3787234042553,235.0,1.0,0.7063829787234043
Living Bowls, Bangalore,Juices,3.761132015620044,210.32407407407408,108.0,0.0,0.10185185185185185
Liza Restaurant, Chennai,Beverages,4.0,203.75061728395062,405.0,1.0,0.22962962962962963
London Yard Pizza, Ahmedabad,Beverages,3.55,247.91666666666666,108.0,0.0,0.1388888888888889
Louis Burger, Hyderabad,Fast Food,3.961132015620043,350.04395604395603,91.0,0.0,0.5934065934065934
Lucky Multicuisine Restaurant, Hyderabad,Mandi,4.0,225.61567164179104,268.0,1.0,0.16791044776119404
Lucky Restaurant, Hyderabad,Beverages,4.05,235.03472222222223,144.0,1.0,0.1736111111111111
Lulu Hypermarket, Bangalore,Bakery,3.9,237.4804469273743,179.0,0.0,0.2346368715083799
MH 12 Pav Bhaji, Pune,Shake,4.0,170.14396825396824,63.0,1.0,0.1111111111111111
MOJO Pizza - 2X Toppings, Bangalore,Desserts,4.061132015620044,338.41333333333336,298.0,1.0,0.5
MOJO Pizza - 2X Toppings, Pune,Beverages,4.061132015620044,344.8378378378378,298.0,1.0,0.5135135135135135
MRCB, Hyderabad,Mughlai,3.511132015620044,129.56666666666666,60.0,0.0,0.03333333333333333
MS Bakery, Hyderabad,Bakery,3.961132015620043,154.2396694214876,121.0,0.0,0.19834710743801653
MS Bakery & Sweets, Hyderabad,Pizza,4.011132015620044,177.59285714285716,140.0,1.0,0.2714285714285714
MS Food, Ahmedabad,Shake,3.761132015620044,121.28125,64.0,0.0,0.0
MS Mandi & Shawarma, Hyderabad,Beverages,3.8500000000000005,230.71518987341773,158.0,0.0,0.2911392405063291
Madheena Fried Chicken, Kochi,Biryani,3.811132015620044,420.46153846153845,13.0,0.0,0.6153846153846154
Madhurima Veg, Lucknow,Beverages,4.1,258.93611111111113,270.0,1.0,0.37037037037037035
Madurai Pandian Mess, Chennai,Bbq,3.65,150.7391304347826,115.0,0.0,0.0
Madurai Sri Thevar Hotel, Chennai,South Indian,3.75,167.94392523364485,107.0,0.0,0.009345794392523364
Magnolia Bakery, Bangalore,Beverages,4.2,348.5882352941176,85.0,1.0,0.47058823529411764
Maharaja Restaurant, Lucknow,Chinese,3.35,167.98507462686567,201.0,0.0,0.03482587064676617
Maharaja Thalis, Ahmedabad,Gujarati,3.8611320156200435,189.76849315068495,146.0,0.0,0.0410958904109589
Mainland China, Mumbai,Sichuan,3.961132015620043,550.2136585365853,164.0,0.0,0.9573170731707317
Maiz Mexican Kitchen, Mumbai,Salad,3.9111320156200433,291.5304347826087,115.0,0.0,0.4608695652173913
Mama Mia!, Kolkata,Pizza,4.111132015620044,320.02962962962965,135.0,1.0,0.3925925925925926
Manchatti Restaurant, Kochi,Desserts,3.0,284.5820895522388,67.0,0.0,0.3582089552238806
Mandi Town, Hyderabad,Kebab,3.6,555.3333333333334,30.0,0.0,0.6666666666666666
Manju Mamta Restaurant, Raipur,Pizza,4.2,162.69230769230768,156.0,1.0,0.019230769230769232
Marhaba Shawarma & Wraps, Hyderabad,Shake,3.85,189.025,40.0,0.0,0.0
Mario's, Raipur,Pizza,3.9111320156200433,186.54954337899542,219.0,0.0,0.0547945205479452
Marky Momos, Ahmedabad,Beverages,3.6499999999999995,458.32101398601395,567.0,0.0,0.8566433566433567
Marky Momos, Jaipur,Beverages,3.6,495.04530249110326,567.0,0.0,0.8825622775800712
Marrakesh, Pune,Beverages,3.8499999999999996,236.8170731707317,164.0,0.0,0.25609756097560976
Martino'z Pizza, Ahmedabad,Mexican,4.15,219.655,100.0,1.0,0.11
Marwadi Chaat & Tiffin Services, Bangalore,Beverages,3.75,226.77433628318585,226.0,0.0,0.11504424778761062
Mataam Al Yamani, Hyderabad,Mandi,3.7,299.0135714285714,42.0,0.0,0.6666666666666666
Mathsya, Chennai,Shake,4.15,180.73529411764707,272.0,1.0,0.01838235294117647
Mayur Pan House, Hyderabad,Ice Cream,4.1,124.77173913043478,184.0,1.0,0.03804347826086957
McDonald's, Bangalore,Beverages,3.65,289.0287414965986,2059.0,0.0,0.3673469387755102
McDonald's, Chennai,Fast Food,3.75,286.90273062730625,2059.0,0.0,0.4132841328413284
McDonald's, Hyderabad,Fast Food,3.55,275.9573725490196,2059.0,0.0,0.33725490196078434
McDonald's, Jaipur,Beverages,3.8999999999999995,186.91962765957447,2059.0,0.0,0.18617021276595744
McDonald's, Kochi,Desserts,3.8,289.68306397306395,2059.0,0.0,0.367003367003367
McDonald's, Mumbai,Beverages,3.7999999999999994,273.7686925795053,2059.0,0.0,0.33568904593639576
McDonald's, Pune,Beverages,3.9000000000000004,273.0251590106007,2059.0,0.0,0.3250883392226148
Meal Bowl, Mumbai,Sichuan,3.911132015620043,230.81428571428572,140.0,0.0,0.06428571428571428
Mealful Rolls - India's Biggest Rolls, Mumbai,Beverages,3.9111320156200433,233.34782608695653,69.0,0.0,0.13043478260869565
Meat And Eat, Bangalore,Desserts,3.5,230.16666666666666,332.0,0.0,0.2152777777777778
Meat And Eat, Chennai,Beverages,3.3500000000000005,237.2287234042553,332.0,0.0,0.2393617021276596
Meera's Kitchen, Kochi,Biryani,3.1500000000000004,209.93859649122808,114.0,0.0,0.10526315789473684
Meghana Foods, Bangalore,Seafood,4.35,278.0494326241135,282.0,1.0,0.6134751773049646
Meghduth Biryanis, Bangalore,South Indian,3.761132015620044,328.80392156862746,51.0,0.0,0.6666666666666666
Mehfil, Hyderabad,North Indian,4.05,234.1358695652174,184.0,1.0,0.15217391304347827
Meltyway, Kochi,Fast Food,3.8499999999999996,151.87573964497042,169.0,0.0,0.05917159763313609
Mezban, Kolkata,Pizza,3.85,235.96688741721854,151.0,0.0,0.2847682119205298
Mini Punjabi, Jaipur,Mughlai,3.8500000000000005,137.33783783783784,74.0,0.0,0.06756756756756757
Mishra Bhojanalaya, Lucknow,Chinese,3.75,97.97391304347826,115.0,0.0,0.0
Mitra Cafe, Kolkata,Pizza,4.4,294.375,16.0,1.0,0.4375
Mohammedia Shawarma, Hyderabad,Fast Food,3.5999999999999996,150.0,9.0,0.0,0.0
Momo Guy, Mumbai,Momos,3.611132015620044,185.68965517241378,145.0,0.0,0.034482758620689655
Momo I Am, Kolkata,Pizza,4.35,310.28350515463916,194.0,1.0,0.5773195876288659
Momo Magic Cafe, Raipur,Pizza,4.061132015620044,203.30921052631578,152.0,1.0,0.0
Momoman, Ahmedabad,Sichuan,3.8611320156200435,223.7311827956989,93.0,0.0,0.07526881720430108
Monginis, Pune,Bakery,4.111132015620044,510.0,19.0,1.0,1.0
Mother's Kitchen, Pune,Biryani,4.0,273.3382352941176,272.0,1.0,0.2757352941176471
Mother's Meal, Bangalore,Chinese,4.25,162.41810344827587,116.0,1.0,0.07758620689655173
Moti Mahal, Raipur,Pizza,3.8,208.17857142857142,392.0,0.0,0.22704081632653061
Mr. Brown - Danbro, Lucknow,Coffee,4.011132015620044,245.0159340659341,273.0,1.0,0.21245421245421245
Mr. Burger, Chennai,Fast Food,3.7999999999999994,184.36363636363637,77.0,0.0,0.03896103896103896
Mughal Restaurant, Hyderabad,Desserts,3.95,190.45967741935485,124.0,0.0,0.056451612903225805
Mughlai Affair, Mumbai,Rolls,3.711132015620044,196.64642857142857,280.0,0.0,0.11428571428571428
Mum Mai, Goa,Fast Food,3.9611320156200436,167.0,40.0,0.0,0.175
Mumbaiya Misal & Vadapav, Ahmedabad,Maharashtrian,3.85,108.88888888888889,126.0,0.0,0.0
Muradabadi Chicken Biryani, Lucknow,Biryani,3.75,280.7368421052632,19.0,0.0,0.47368421052631576
NH1 Bowls - Highway To North, Pune,Beverages,4.061132015620044,231.67961165048544,103.0,1.0,0.10679611650485436
NIC Ice Creams, Bangalore,Desserts,4.161132015620043,196.63397590361447,228.0,1.0,0.21686746987951808
NIC Ice Creams, Hyderabad,Desserts,4.111132015620044,186.94732142857143,228.0,1.0,0.19642857142857142
NIC Ice Creams, Kochi,Desserts,4.111132015620044,202.0358426966292,228.0,1.0,0.19101123595505617
NOTO - Healthy Ice Cream, Pune,Desserts,4.111132015620044,206.2377049180328,61.0,1.0,0.32786885245901637
NR - Navaratna Udupi Pure Veg, Goa,South Indian,3.811132015620044,179.63345195729536,281.0,0.0,0.021352313167259787
Naadbramha Idli, Mumbai,South Indian,3.9,86.0,10.0,0.0,0.0
Namaste Chai, Goa,Ice Cream,3.861132015620044,75.89322916666667,96.0,0.0,0.010416666666666666
Nandini Deluxe, Bangalore,Bbq,3.8,274.02054794520546,146.0,0.0,0.1780821917808219
Natural Ice Cream, Hyderabad,Desserts,4.161132015620043,141.10757575757577,105.0,1.0,0.030303030303030304
Natural Ice Cream, New Delhi,Beverages,4.65,186.80205128205128,105.0,1.0,0.15384615384615385
Natural Ice Cream, Pune,Shake,4.35,76.27575757575757,105.0,1.0,0.0
Navrang Restaurant, Chennai,Sichuan,3.8500000000000005,165.1361502347418,213.0,0.0,0.0
Nazeer Foods, New Delhi,Rolls,3.55,232.61399999999998,85.0,0.0,0.3176470588235294
Nazeer Juice Center, Hyderabad,Shake,3.55,151.7,50.0,0.0,0.04
Neelkanth Sweets, Lucknow,Beverages,4.25,287.5467032967033,364.0,1.0,0.34065934065934067
Nellikka Cloud Kitchen, Kochi,Kerala,4.061132015620044,72.3913043478261,23.0,1.0,0.0
Nellikka Restaurant, Kochi,Kerala,4.0,76.85185185185185,27.0,1.0,0.0
New Bombay Biryani, Ahmedabad,Biryani,3.75,185.41666666666666,12.0,0.0,0.08333333333333333
New Bombay Sandwich Burger & Pizza, Pune,Fast Food,3.711132015620044,101.09722222222223,72.0,0.0,0.0
New Freeze Land, Ahmedabad,Beverages,4.15,199.80519480519482,154.0,1.0,0.07142857142857142
New Grand Restaurant & Bakery, Hyderabad,Bakery,4.0,136.515625,256.0,1.0,0.0546875
New King Safina Hotel, Hyderabad,North Indian,4.05,195.8181818181818,44.0,1.0,0.09090909090909091
New Pankaj - Sandwich & Pani Puri, Mumbai,Beverages,4.011132015620044,189.75352112676057,142.0,1.0,0.11267605633802817
New Paul Dhaba Veggie Hub, Kolkata,Pizza,3.95,183.7219512195122,205.0,0.0,0.00975609756097561
New Santosh Dhaba, Hyderabad,Beverages,3.9499999999999997,173.45197740112994,177.0,0.0,0.0
Nimrah Restaurant, Hyderabad,Desserts,4.0,245.88235294117646,187.0,1.0,0.24064171122994651
Nino Burgers, Mumbai,Fast Food,3.9111320156200438,328.67164179104475,67.0,0.0,0.5522388059701493
Nisarga, Bangalore,Biryani,3.75,237.21308016877637,237.0,0.0,0.2109704641350211
Nishat Restaurant, Ahmedabad,Ice Cream,3.6999999999999997,372.2674418604651,172.0,0.0,0.622093023255814
Noodle King, Kolkata,Pizza,3.761132015620044,180.7792207792208,154.0,0.0,0.0
Nukkad Cafe, Lucknow,Beverages,4.011132015620044,92.4,60.0,1.0,0.0
Nxtdoor, Chennai,Sichuan,3.861132015620044,168.28803191489362,188.0,0.0,0.010638297872340425
Ohh Taco, Jaipur,Shake,3.561132015620044,138.75,128.0,0.0,0.015625
Old Al - Baik, Lucknow,Beverages,3.861132015620044,167.78787878787878,66.0,0.0,0.06060606060606061
Om Food Centre, Ahmedabad,Kathiyawadi,3.7000000000000006,206.26415094339623,159.0,0.0,0.06289308176100629
One By Two, Mumbai,Momos,3.911132015620043,227.94117647058823,85.0,0.0,0.03529411764705882
Onesta, Bangalore,Beverages,3.711132015620044,231.8586387434555,362.0,0.0,0.16230366492146597
Onesta, Hyderabad,Beverages,3.95,232.72222222222223,362.0,0.0,0.15789473684210525
Oudh 1590, Kolkata,Desserts,4.15,339.6354166666667,181.0,1.0,0.6458333333333334
Oudh 1590, Kolkata,Pizza,4.15,359.52941176470586,181.0,1.0,0.6588235294117647
Oven Day Pizza, New Delhi,Shake,3.6,141.78378378378378,111.0,0.0,0.05405405405405406
Ovenfresh, Mumbai,Beverages,4.35,302.54637037037037,270.0,1.0,0.4925925925925926
Ovenstory Pizza, Hyderabad,Fast Food,3.9611320156200427,387.88222222222225,352.0,0.0,0.6878306878306878
Ovenstory Pizza, Pune,Fast Food,4.111132015620044,382.1698773006135,352.0,1.0,0.6809815950920245
Oyalo Pizza, Chennai,Desserts,3.711132015620044,382.9622222222222,45.0,0.0,0.6
Oye Kiddan, Mumbai,Desserts,3.611132015620044,157.22875816993465,153.0,0.0,0.0
P. Bhagat Tarachand, Ahmedabad,Beverages,3.3499999999999996,221.75399361022363,313.0,0.0,0.19169329073482427
P60, Kochi,Desserts,4.15,237.35714285714286,42.0,1.0,0.19047619047619047
PFZ, Ahmedabad,Sichuan,3.85,158.6141304347826,184.0,0.0,0.03804347826086957
PVR Café, Lucknow,Beverages,3.9111320156200433,232.39493827160496,81.0,0.0,0.18518518518518517
Pai Brothers 36 Varities Of Dosa, Kochi,Kerala,3.85,139.02061855670104,194.0,0.0,0.0
Pai Brothers Fast Food, Kochi,Street Food,4.15,141.9387755102041,196.0,1.0,0.0
Pakiza Restaurant, Goa,North Indian,3.75,162.82926829268294,41.0,0.0,0.1951219512195122
Pandit Pav Bhaji, Jaipur,South Indian,3.6,104.41176470588235,34.0,0.0,0.0
Papadams Blue, Hyderabad,Desserts,3.95,303.25,228.0,0.0,0.5614035087719298
Paparizza - Woodfired Pizzas, New Delhi,Beverages,4.05,358.25136612021856,183.0,1.0,0.4426229508196721
Paputty's Valsa Cafe, Kochi,Chinese,4.0,133.8913043478261,46.0,1.0,0.0
Paradise Biryani, Hyderabad,Desserts,3.6000000000000005,333.6216216216216,37.0,0.0,0.5135135135135135
Paratha Club, Bangalore,North Indian,3.8,125.0,37.0,0.0,0.0
Paratha Envy, Bangalore,North Indian,4.011132015620044,100.07692307692308,13.0,1.0,0.0
Pathaan Sir, Bangalore,Rolls,3.611132015620044,142.35443037974684,79.0,0.0,0.0
Patil Misal, Goa,Maharashtrian,3.6000000000000005,46.84615384615385,13.0,0.0,0.0
Pavdos Cafe, Raipur,Pizza,3.75,146.28514056224898,249.0,0.0,0.004016064257028112
Pawan Sweet & Bhojnalay, Lucknow,Chinese,3.6,191.06024096385542,83.0,0.0,0.2289156626506024
Payasam Kada - Taste Trees, Kochi,Desserts,3.9500000000000006,168.88888888888889,9.0,0.0,0.0
Peaberrys, Kolkata,Pizza,4.061132015620044,278.6363636363636,99.0,1.0,0.48484848484848486
Peshawar, Hyderabad,Chinese,3.6,321.43333333333334,90.0,0.0,0.28888888888888886
Piazza Pizza By Little Italy, Pune,Fast Food,3.55,324.8144329896907,97.0,0.0,0.32989690721649484
Pista House, Hyderabad,Beverages,3.9,346.57522123893807,113.0,0.0,0.5663716814159292
Pista House - Premium Lounge, Hyderabad,Beverages,3.6,256.2985074626866,201.0,0.0,0.32338308457711445
Pista House Bakery, Hyderabad,Beverages,4.061132015620044,513.3112582781457,151.0,1.0,0.423841059602649
Pitaworks, Kochi,Fast Food,3.85,197.625,16.0,0.0,0.25
Pizza @90, Raipur,Pizza,3.811132015620044,76.77966101694915,59.0,0.0,0.0
Pizza And Burger King, Jaipur,Beverages,3.8,209.6694214876033,121.0,0.0,0.1487603305785124
Pizza Baker's, Jaipur,Pizza,4.1,234.10698924731184,93.0,1.0,0.17204301075268819
Pizza Bar, Jaipur,Fast Food,3.7,256.54246376811597,69.0,0.0,0.4057971014492754
Pizza Bites, Jaipur,Fast Food,3.6999999999999997,260.36092105263157,157.0,0.0,0.3684210526315789
Pizza Bites, Pune,Beverages,4.0,243.5185185185185,157.0,1.0,0.2716049382716049
Pizza Cave, Lucknow,Beverages,3.9000000000000004,192.05194805194805,77.0,0.0,0.06493506493506493
Pizza Hut, Bangalore,Beverages,3.65,279.1324203821656,1077.0,0.0,0.4140127388535032
Pizza Hut, Hyderabad,Beverages,3.6499999999999995,292.39696202531644,1077.0,0.0,0.4050632911392405
Pizza Hut, Jaipur,Beverages,3.7,282.43221518987343,1077.0,0.0,0.3987341772151899
Pizza Hut, Kochi,Beverages,3.5500000000000003,283.4636305732484,1077.0,0.0,0.4140127388535032
Pizza Hut, Kolkata,Fast Food,3.761132015620044,304.30834586466165,1077.0,0.0,0.45112781954887216
Pizza Hut, Mumbai,Fast Food,3.45,291.6876582278481,1077.0,0.0,0.43670886075949367
Pizza Hut, Pune,Beverages,3.9,279.9995512820513,1077.0,0.0,0.41025641025641024
Pizza Olive, Raipur,Pizza,4.011132015620044,165.09736434108527,129.0,1.0,0.06976744186046512
Pizza Pandey, Lucknow,Fast Food,3.611132015620044,205.87755102040816,49.0,0.0,0.12244897959183673
Pizza Pie, Lucknow,Pizza,3.7611320156200434,246.13953488372093,86.0,0.0,0.11627906976744186
Pizza Pool, Lucknow,Pasta,4.1,174.4,65.0,1.0,0.06153846153846154
Pizza Potter, Lucknow,Pizza,4.0,171.26315789473685,38.0,1.0,0.0
Pizza Ricotta, Kochi,Fast Food,3.161132015620044,306.6666666666667,21.0,0.0,0.7619047619047619
Pizza Studio, New Delhi,Fast Food,3.95,231.57875621890548,201.0,0.0,0.208955223880597
Pizza Tune, Ahmedabad,Desserts,3.25,122.95454545454545,66.0,0.0,0.06060606060606061
Pizza Unlimited, Jaipur,Beverages,3.3,140.80672268907563,119.0,0.0,0.0
Pizza Wala, Kolkata,Pizza,3.761132015620044,231.76190476190476,42.0,0.0,0.09523809523809523
Pizza Wizza, Lucknow,Pizza,3.811132015620044,143.56565656565655,99.0,0.0,0.06060606060606061
Pizza Zone, Ahmedabad,Pasta,3.5999999999999996,169.1951219512195,41.0,0.0,0.0
Pizza@89, Raipur,Pizza,3.7111320156200445,173.8181818181818,44.0,0.0,0.1590909090909091
Pizza@99, Bangalore,Fast Food,3.511132015620044,144.02631578947367,76.0,0.0,0.0
PizzaExpress, Mumbai,Beverages,3.892724144860015,539.0161616161616,99.0,0.0,0.7575757575757576
Pizzaman, Kochi,Beverages,3.4,345.5360824742268,97.0,0.0,0.6701030927835051
Pizzaport & Cafe, Lucknow,Burger,3.7999999999999994,255.11510791366908,139.0,0.0,0.26618705035971224
Pizzatarian, Lucknow,American,3.8,247.5,40.0,0.0,0.2
Platform 65, Hyderabad,Beverages,4.0,283.54,250.0,1.0,0.364
Pohewala, Raipur,Pizza,4.061132015620044,101.11538461538461,52.0,1.0,0.038461538461538464
Poi & Rolls Adda, Goa,Rolls,3.8927241448600154,171.95454545454547,22.0,0.0,0.13636363636363635
Pokket Cafe, Pune,Desserts,3.45,151.50259067357513,193.0,0.0,0.015544041450777202
Ponnusamy Hotel, Chennai,Beverages,3.55,243.84831460674158,178.0,0.0,0.3707865168539326
Porkeato De Portico, Kochi,South Indian,3.7999999999999994,250.83333333333334,48.0,0.0,0.08333333333333333
Potful - Claypot Biryanis, Chennai,North Indian,4.011132015620044,520.0123456790124,81.0,1.0,0.7654320987654321
Potoba, Mumbai,Beverages,3.9,185.96022727272728,176.0,0.0,0.1590909090909091
Prasuma Momo Kitchen, New Delhi,Chinese,4.061132015620044,227.68054945054945,91.0,1.0,0.15384615384615385
Prithvi Hotel, Ahmedabad,Desserts,3.8999999999999995,247.3018372703412,381.0,0.0,0.4120734908136483
Puffizza, Ahmedabad,Beverages,4.199999999999999,267.967032967033,91.0,1.0,0.12087912087912088
Puliyogare Point, Bangalore,Desserts,4.25,69.01724137931035,58.0,1.0,0.0
Punjabi Tadka, Jaipur,Mughlai,3.8,200.41923076923078,156.0,0.0,0.07051282051282051
Pure Momos, Raipur,Pizza,3.611132015620044,175.9787234042553,282.0,0.0,0.014184397163120567
Purohit Restaurant, Ahmedabad,Chinese,4.15,194.46443514644352,239.0,1.0,0.03765690376569038
Quick Snacks, Kochi,Beverages,3.55,126.48101265822785,79.0,0.0,0.0
RJ Chai Wala, Jaipur,Street Food,3.961132015620043,48.15,100.0,0.0,0.0
RK Pure Veg, Pune,Sichuan,3.75,195.0520231213873,346.0,0.0,0.06358381502890173
RNR Biryani - Taste Of 1953, Bangalore,Andhra,4.25,379.76377952755905,127.0,1.0,0.3543307086614173
RP's Pizzeria, Ahmedabad,Pasta,3.9499999999999997,390.3380281690141,71.0,0.0,0.647887323943662
RR62 - Cafe & Kitchen, Jaipur,Beverages,4.0,206.91603053435114,131.0,1.0,0.16793893129770993
Raasta Cafe, Kolkata,Pizza,4.0,135.41525423728814,236.0,1.0,0.0
Radhe Restaurants, Ahmedabad,Beverages,3.9,249.2702290076336,262.0,0.0,0.35877862595419846
Radhey Lal Sweets, Lucknow,Chinese,3.75,304.848,140.0,0.0,0.2785714285714286
Raffs F9, Kolkata,Pizza,3.7,197.06796116504853,103.0,0.0,0.17475728155339806
Raj Restaurant, Mumbai,Biryani,3.95,354.2018018018018,555.0,0.0,0.7747747747747747
Rajdhani, Malleshwaram,Rajasthani,4.0,196.86046511627907,43.0,1.0,0.046511627906976744
Rang De Basanti Dhaba, Kolkata,Pizza,4.15,244.6978021978022,182.0,1.0,0.32967032967032966
Rattilal's - Sitapur Road, Lucknow,Desserts,3.45,127.0720430107527,93.0,0.0,0.12903225806451613
Raw Squeezed, Kochi,Salad,4.111132015620044,208.75,116.0,1.0,0.08620689655172414
Rawat Mishthan Bhandar, Jaipur,Street Food,4.011132015620044,176.4448669201521,263.0,1.0,0.11026615969581749
Razakhiya Hotel, Bangalore,Sichuan,3.8,191.05405405405406,185.0,0.0,0.1783783783783784
Real Arabia, Kochi,Juices,3.75,235.32453416149067,161.0,0.0,0.19254658385093168
Red Bucket Biryani, Hyderabad,Biryani,3.961132015620043,1011.71875,64.0,0.0,0.828125
Redaan Restaurant, Hyderabad,North Indian,4.061132015620044,219.65546218487395,119.0,1.0,0.09243697478991597
Reddy's Fast Food, Pune,Sichuan,3.7,199.8828125,128.0,0.0,0.0703125
Reena Paul's Kitchen, Chennai,Chinese,3.961132015620043,226.81182795698925,186.0,0.0,0.14516129032258066
Richi Rich, Lucknow,Street Food,3.8,284.14814814814815,216.0,0.0,0.5324074074074074
Ritz Classic, Goa,Beverages,4.25,372.89672544080605,397.0,1.0,0.7052896725440806
Riyas Biriyani, Chennai,Fast Food,3.8500000000000005,126.75675675675676,37.0,0.0,0.0
Rizo Resto, Kochi,Shake,4.1,199.36666666666667,90.0,1.0,0.06666666666666667
Roasties, Lucknow,Biryani,3.75,190.1153846153846,52.0,0.0,0.17307692307692307
Roll Express, Jaipur,Rolls,3.9111320156200433,221.26760563380282,71.0,0.0,0.19718309859154928
Roll Point, Pune,Chinese,4.05,139.1549295774648,142.0,1.0,0.0
Rollick, Kolkata,Pizza,4.15,137.29090909090908,55.0,1.0,0.07272727272727272
Rolls Mania, Lucknow,North Indian,3.861132015620044,207.0314482758621,401.0,0.0,0.1310344827586207
Rolls Mania, Pune,Beverages,4.15,218.64827586206897,401.0,1.0,0.14482758620689656
Rolls Mania, Raipur,Pizza,4.061132015620044,169.36036036036037,401.0,1.0,0.018018018018018018
Rolls On Wheels, Bangalore,North Indian,3.55,236.38709677419354,93.0,0.0,0.20430107526881722
RollsKing, Jaipur,Beverages,4.011132015620044,211.08783783783784,74.0,1.0,0.05405405405405406
Rominus Pizza And Burger, Jaipur,Fast Food,3.85,259.48091603053433,463.0,0.0,0.17557251908396945
Rominus Pizza And Burger, Lucknow,Fast Food,4.1,326.9555421686747,463.0,1.0,0.4457831325301205
Roop Basant Pavitra Bhojnalaya, Jaipur,Beverages,3.55,113.58974358974359,117.0,0.0,0.017094017094017096
Roopali Veg, Pune,Beverages,3.9,178.46052631578948,380.0,0.0,0.002631578947368421
Rosy Roti, Kolkata,Pizza,4.011132015620044,170.46938775510205,98.0,1.0,0.0
Roti Ghar, Bangalore,Beverages,3.8000000000000003,133.93730407523512,319.0,0.0,0.003134796238244514
Roy Dhaba, Kolkata,Pizza,3.55,203.4808743169399,183.0,0.0,0.16393442622950818
Roy Pizza House, Kolkata,Pizza,3.761132015620044,183.85321100917432,109.0,0.0,0.21100917431192662
Royal Indian Hotel  - Since 1905, Kolkata,Pizza,4.15,301.90140845070425,71.0,1.0,0.6197183098591549
Royalz Pepper, Lucknow,Desserts,3.7,153.63636363636363,22.0,0.0,0.0
Rumaan Restaurant, Kochi,Beverages,3.55,138.6086956521739,46.0,0.0,0.021739130434782608
SLAY Coffee, Mumbai,Shake,3.8611320156200435,245.5465168539326,89.0,0.0,0.19101123595505617
SP Burger, Mumbai,Sichuan,4.0,92.81976744186046,86.0,1.0,0.0
Safe House, Kolkata,Pizza,3.711132015620044,176.68421052631578,114.0,0.0,0.12280701754385964
Sahara Family Restaurant, Mumbai,Sichuan,3.55,336.98425196850394,254.0,0.0,0.4763779527559055
Sai Chaap Soya, Jaipur,Rolls,3.6,154.17094736842105,95.0,0.0,0.0
Saima Restaurant, Kolkata,Pizza,3.75,142.5109489051095,137.0,0.0,0.06569343065693431
Salem RR Biriyani Unavagam, Chennai,Seafood,3.75,317.52564102564105,78.0,0.0,0.11538461538461539
Salkara Xpress By Paragon Group, Kochi,South Indian,4.011132015620044,167.66666666666666,6.0,1.0,0.0
Sam's Pizza, Ahmedabad,Fast Food,3.9,249.3673469387755,108.0,0.0,0.08163265306122448
Sam's Pizza, Raipur,Pizza,4.05,265.135593220339,108.0,1.0,0.13559322033898305
Sam's Pork And Beef, Chennai,Biryani,3.861132015620044,198.625,24.0,0.0,0.25
Samco, Chennai,Beverages,4.0,289.77966101694915,354.0,1.0,0.3361581920903955
Samriddhi Thali, Raipur,Pizza,3.9111320156200433,131.9056603773585,106.0,0.0,0.0
Sandwich Express, Pune,Beverages,4.011132015620044,128.8984375,128.0,1.0,0.0390625
Sandwich Guru, Bangalore,Beverages,3.961132015620043,67.97872340425532,94.0,0.0,0.0
Sandwich Jn., Raipur,Pizza,4.025418994413408,148.88268156424581,179.0,1.0,0.07262569832402235
Sandwich Junction, Raipur,Pizza,3.9111320156200433,120.95238095238095,42.0,0.0,0.0
Sangeetha Veg Restaurant - Gandhi Irwin Road, Chennai,Shake,3.95,188.4761886792453,265.0,0.0,0.16226415094339622
Santosh Dhaba, Hyderabad,Desserts,4.1,221.44478527607362,326.0,1.0,0.09202453987730061
Saparito Pizza, Pune,Beverages,4.011132015620044,196.12698412698413,63.0,1.0,0.1111111111111111
Sardaar Ji Chicken Co., Jaipur,Bbq,3.2,339.92424242424244,198.0,0.0,0.51010101010101
Sarvi Restaurant, Hyderabad,Beverages,4.1,282.5925925925926,108.0,1.0,0.4722222222222222
Savi Sagar, Bangalore,Beverages,3.85,133.7155172413793,232.0,0.0,0.0
Savoury Sea Shell, Chennai,Sichuan,4.05,346.9126050420168,595.0,1.0,0.5008403361344538
Scoops Ice Cream, Hyderabad,Pizza,3.85,133.68416666666667,120.0,0.0,0.03333333333333333
Sethi Bar-Be-Que, Jaipur,Rolls,3.9111320156200438,330.2021857923497,183.0,0.0,0.6502732240437158
Shadaan Restaurant, Hyderabad,Hyderabadi,4.0,184.8,105.0,1.0,0.0
Shah Ghouse Hotel & Restaurant, Hyderabad,Desserts,4.2,330.80084388185657,237.0,1.0,0.5443037974683544
Shah Ghouse Special Shawarma, Hyderabad,Beverages,4.199999999999999,139.25842696629215,267.0,1.0,0.0149812734082397
Shakti - The Sandwich Shop, Ahmedabad,Beverages,3.75,167.67857142857142,56.0,0.0,0.0
Shanmukha, Bangalore,Seafood,4.15,279.72121212121215,165.0,1.0,0.4303030303030303
Shap Food Restaurant, Kochi,Biryani,3.65,228.1095890410959,73.0,0.0,0.1643835616438356
Sharma Chai, Lucknow,Street Food,4.011132015620044,96.58594339622643,106.0,1.0,0.02830188679245283
Sharma Ji Ki Chai, Lucknow,Tea,4.111132015620044,61.42857142857143,14.0,1.0,0.0
Shawarma Daddy, Kochi,Beverages,3.8,176.88974358974357,39.0,0.0,0.0
Shawarma Kings, Chennai,Kebab,3.9111320156200433,176.48809523809524,84.0,0.0,0.09523809523809523
Shawarma Nation, Kolkata,Pizza,4.15,238.29032258064515,93.0,1.0,0.1935483870967742
Sheikh Shawarma, Kochi,Kerala,3.761132015620044,179.96062992125985,127.0,0.0,0.10236220472440945
Sher-E-Punjab, Kolkata,Pizza,3.5,274.80645161290323,310.0,0.0,0.4032258064516129
Shero Home Food - Chettinad, Chennai,Desserts,3.861132015620044,139.32679738562092,153.0,0.0,0.0
Sherton Restaurant, Hyderabad,Biryani,4.1,284.60176991150445,113.0,1.0,0.3274336283185841
Shiraz Golden Restaurant, Kolkata,Pizza,4.05,273.21276595744683,141.0,1.0,0.4326241134751773
Shivam Bhojnalay, Ahmedabad,Gujarati,3.25,259.2783505154639,194.0,0.0,0.211340206185567
Shivam Classic, Goa,Beverages,3.892724144860015,174.55384615384617,195.0,0.0,0.03076923076923077
Shivsu Pizza, Mumbai,Shake,3.75,138.80851063829786,141.0,0.0,0.0
Shobhaa Only Veg, Mumbai,Beverages,4.1,254.6455223880597,268.0,1.0,0.40671641791044777
Shofu - The Momo Man, Jaipur,Beverages,4.2,192.8987341772152,79.0,1.0,0.0
Shree Konar Vilas, Chennai,Biryani,4.1,254.91869918699186,123.0,1.0,0.4065040650406504
Shree Marutinandan Kathiyawadi Restaurant, Ahmedabad,Beverages,3.5,141.50324675324674,308.0,0.0,0.003246753246753247
Shree Mehfil, Ahmedabad,Desserts,4.25,228.64197530864197,243.0,1.0,0.10699588477366255
Shree Santosh Family Dhaba, Hyderabad,Beverages,4.1,222.62608695652173,230.0,1.0,0.1956521739130435
Shri Shyam Bhature Wala, Jaipur,North Indian,4.011132015620044,110.82142857142857,28.0,1.0,0.07142857142857142
Siddique Kabab Centre, Hyderabad,Chinese,4.25,223.61702127659575,47.0,1.0,0.23404255319148937
Sijis Pizza Street, Kochi,Fast Food,3.9499999999999997,345.05123456790125,81.0,0.0,0.6172839506172839
Sikkim Jojo, Raipur,Pizza,3.6611320156200438,85.38461538461539,39.0,0.0,0.0
Sip & Bite, Hyderabad,Beverages,3.6499999999999995,157.3121387283237,324.0,0.0,0.09248554913294797
Sip & Bite, Raipur,Pizza,3.85,210.90066225165563,324.0,0.0,0.006622516556291391
Sip 'N' Bite's, Kolkata,Pizza,3.761132015620044,162.392,125.0,0.0,0.04
Slyce Pizza, Mumbai,Fast Food,3.861132015620044,587.2586486486487,148.0,0.0,0.7837837837837838
Smokin' Joe's, Mumbai,Sandwich,3.35,333.6545454545454,110.0,0.0,0.5818181818181818
Sodhani Sweets And Namkeen, Jaipur,Street Food,4.0,196.47593333333333,150.0,1.0,0.10666666666666667
Sodhani Sweets Pvt. Ltd., Jaipur,Mithai,4.111132015620044,198.11975757575757,165.0,1.0,0.09090909090909091
Speak Burgers by Vicky Ratnani, Mumbai,Fast Food,4.011132015620044,438.75409836065575,61.0,1.0,0.6557377049180327
Spice 9 Restaurant, Hyderabad,Seafood,3.75,259.8294930875576,217.0,0.0,0.2626728110599078
Spice Village, Lucknow,Street Food,4.0,234.4820143884892,278.0,1.0,0.11151079136690648
Square Thali, Ahmedabad,North Indian,3.761132015620044,157.3582089552239,67.0,0.0,0.0
Sri Udupi Food Hub, Bangalore,Beverages,3.7,157.84765625,256.0,0.0,0.01953125
St. Louis Pizza, Jaipur,Beverages,3.6111320156200444,198.81944444444446,144.0,0.0,0.06944444444444445
Starboy Pizza & Shakes, Mumbai,Beverages,3.6611320156200433,181.1875,32.0,0.0,0.03125
Starbucks Coffee, Raipur,Pizza,3.7,278.26964285714286,112.0,0.0,0.36607142857142855
Subhan Bakery, Hyderabad,Bakery,4.25,257.6190476190476,21.0,1.0,0.23809523809523808
Subway, Chennai,Fast Food,3.65,263.5111612903226,823.0,0.0,0.3548387096774194
Subway, Hyderabad,Beverages,3.7999999999999994,248.4238926174497,823.0,0.0,0.35570469798657717
Subway, Jaipur,Beverages,4.0,239.68510638297874,823.0,1.0,0.3829787234042553
Subway, Kolkata,Beverages,3.95,240.66954887218046,823.0,0.0,0.41353383458646614
Subway, Mumbai,Beverages,3.4,238.94007092198584,823.0,0.0,0.2978723404255319
Subway, Pune,Beverages,3.6,235.94774834437086,823.0,0.0,0.26490066225165565
Sudama Bhel, Pune,Fast Food,3.8611320156200444,78.75,36.0,0.0,0.0
Sukanta, Pune,Beverages,4.15,352.3825,4.0,1.0,0.25
Sukumar Food Court, Kochi,Sichuan,3.75,62.888888888888886,9.0,0.0,0.0
Super Star Hazi Biryani, Kolkata,Pizza,3.35,169.24324324324326,37.0,0.0,0.08108108108108109
Supreme Sandwich Corner, Pune,Beverages,3.55,180.7843137254902,51.0,0.0,0.0
Surabhi Grand, Hyderabad,Beverages,3.8500000000000005,324.88829787234044,188.0,0.0,0.5212765957446809
Swadesi Station, Jaipur,Hyderabadi,3.961132015620043,237.7704918032787,122.0,0.0,0.12295081967213115
Swagth Hotel, Hyderabad,Chinese,3.961132015620043,136.41666666666666,120.0,0.0,0.0
Swat Pizza, Jaipur,Beverages,3.95,252.04054054054055,74.0,0.0,0.16216216216216217
Swiss Castle, Hyderabad,Fast Food,4.3,190.1813445378151,119.0,1.0,0.15966386554621848
"T Shop - Tea, Snacks & More", Chennai,Beverages,3.9,121.88288288288288,111.0,0.0,0.0
TFC - The Food Club, Goa,Fast Food,3.811132015620044,223.44594594594594,74.0,0.0,0.06756756756756757
TKS Iyengars, Bangalore,South Indian,3.6999999999999997,75.33098591549296,142.0,0.0,0.0
Taco Bell, Hyderabad,Wraps,4.0,192.50072164948455,97.0,1.0,0.21649484536082475
Taj Biryani, Kolkata,Pizza,3.75,142.28,25.0,0.0,0.0
Taj Mahal - Taj Mahal Hotel, Hyderabad,Beverages,4.1,124.71559633027523,109.0,1.0,0.0
Taj Mughalai, Chennai,Sichuan,3.711132015620044,141.9731543624161,149.0,0.0,0.0
Talk Of The Town, Jaipur,Biryani,4.15,378.12820512820514,156.0,1.0,0.6923076923076923
Tan-Sukh By Kanha, Jaipur,Desserts,4.1,231.99630996309963,271.0,1.0,0.3247232472324723
Tandoor -3 Family Dhaba, Raipur,Pizza,3.6000000000000005,177.84574468085106,188.0,0.0,0.1702127659574468
Tapri By The Corner, Bangalore,Chinese,3.9499999999999997,174.04605263157896,152.0,0.0,0.0
Tapri Pratham, Jaipur,Beverages,4.199999999999999,232.29357798165137,109.0,1.0,0.21100917431192662
Taste Of Turkey, Chennai,Kebab,4.061132015620044,197.34375,32.0,1.0,0.0625
Tasty Tiffin Food Service, Goa,North Indian,3.961132015620043,104.48,25.0,0.0,0.0
Tea Junction, Kolkata,Pizza,3.5,203.5185185185185,54.0,0.0,0.1111111111111111
Tea Shack, Kochi,Ice Cream,3.892724144860015,35.833333333333336,12.0,0.0,0.0
Tellicherry Kitchen, Kochi,Fast Food,3.811132015620044,299.09589041095893,146.0,0.0,0.4931506849315068
Texas Burgers, Bangalore,Burger,3.9111320156200433,304.54330708661416,127.0,0.0,0.1968503937007874
Thaal Kitchen, Kochi,Fast Food,3.8999999999999995,162.81372549019608,306.0,0.0,0.029411764705882353
Thalairaj Biryani, Bangalore,South Indian,3.9611320156200436,263.8840579710145,69.0,0.0,0.11594202898550725
Thali and More, Jaipur,Beverages,4.4,266.71154285714283,175.0,1.0,0.46285714285714286
Thanjai Veeraswamy, Chennai,Beverages,3.9,237.2280701754386,114.0,0.0,0.08771929824561403
The American Pizza, Lucknow,Beverages,3.4000000000000004,153.7605633802817,71.0,0.0,0.056338028169014086
The Bahubelly, Kolkata,Pizza,3.6,297.42424242424244,132.0,0.0,0.29545454545454547
The Belgian Waffle Co., Hyderabad,Ice Cream,4.1,177.85987654320988,181.0,1.0,0.08641975308641975
The Belgian Waffle Co., Mumbai,Beverages,4.05,217.375,181.0,1.0,0.2
The Biryani Inc., Kolkata,Pizza,3.961132015620043,233.8090909090909,110.0,0.0,0.2727272727272727
The Breakfast Cafe, Raipur,Pizza,3.711132015620044,180.23809523809524,168.0,0.0,0.02976190476190476
The Burger Cafe, Chennai,Shake,3.9111320156200433,114.51515151515152,66.0,0.0,0.030303030303030304
The Burger Club, Hyderabad,Shake,3.561132015620044,130.44155844155844,77.0,0.0,0.0
The Burping Panda, Kolkata,Pizza,3.861132015620044,151.44979919678715,249.0,0.0,0.012048192771084338
The Busy Beans, Jaipur,Burger,3.8,167.99894736842106,95.0,0.0,0.09473684210526316
The Chef Company, Chennai,Healthy Food,4.011132015620044,216.2450980392157,204.0,1.0,0.10294117647058823
The Chinese Wok, Pune,Sichuan,4.0,288.2241379310345,406.0,1.0,0.37192118226600984
The Dastarkhan, Lucknow,North Indian,3.811132015620044,310.5952380952381,42.0,0.0,0.40476190476190477
The Diamond Pizza & Chinese Point, Lucknow,Fast Food,3.7,137.4,65.0,0.0,0.06153846153846154
The Exotic Shawarma, Hyderabad,Shawarma,3.85,180.76470588235293,51.0,0.0,0.0
The Fatty Bao, Mumbai,Chinese,4.25,555.7209302325581,172.0,1.0,0.9534883720930233
The Garam Chulha, Lucknow,Chinese,3.961132015620043,187.76470588235293,119.0,0.0,0.008403361344537815
The Good Bowl, Mumbai,Italian,3.861132015620044,234.51282051282053,78.0,0.0,0.20512820512820512
The Grand Thakar, Ahmedabad,Beverages,4.25,142.40983606557376,61.0,1.0,0.09836065573770492
The Hazelnut Factory, Lucknow,Bakery,4.35,388.60571428571427,301.0,1.0,0.3388704318936877
The Hearth Kitchen, Kochi,Pizza,4.05,392.45098039215685,51.0,1.0,0.7647058823529411
The High Joint, Chennai,Beverages,4.011132015620044,256.5681818181818,44.0,1.0,0.4318181818181818
The House Of Momo's, Ahmedabad,Chinese,3.95,213.88333333333333,120.0,0.0,0.06666666666666667
The Hunger Box, Ahmedabad,Salad,3.911132015620043,235.54054054054055,74.0,0.0,0.0
The Kalika Hut, Lucknow,Fast Food,3.6,271.16883116883116,231.0,0.0,0.39826839826839827
The Kati Roll Shop, Chennai,Kebab,4.1,224.93333333333334,75.0,1.0,0.2
The Kebabish, Ahmedabad,Fast Food,3.75,302.5133689839572,187.0,0.0,0.47058823529411764
The Lio Pizza, Ahmedabad,Beverages,3.8,277.3557692307692,104.0,0.0,0.25
The Matka Biryani, Mumbai,Lucknowi,3.8611320156200435,384.2093023255814,215.0,0.0,0.7162790697674418
The Messy Door, Jaipur,Beverages,4.1,215.7483870967742,155.0,1.0,0.09032258064516129
The Mohalla, Ahmedabad,Sichuan,3.9,219.74479166666666,192.0,0.0,0.16145833333333334
The Momo Factory, Mumbai,Fast Food,3.25,263.8439086294416,394.0,0.0,0.2639593908629442
The Momoz Hub, Jaipur,Beverages,3.911132015620043,280.30857142857144,700.0,0.0,0.4157142857142857
The Old Mirchi Biryani, Chennai,Desserts,4.011132015620044,268.18518518518516,135.0,1.0,0.2814814814814815
The Oven, Lucknow,Fast Food,4.05,323.7936507936508,63.0,1.0,0.2222222222222222
The Pizza Box, Pune,Beverages,3.95,285.83838383838383,99.0,0.0,0.37373737373737376
The Pizza Station, Jaipur,Chinese,4.0,206.49484536082474,97.0,1.0,0.13402061855670103
The Pizza Unlimited, Jaipur,Street Food,3.7,265.88652482269504,141.0,0.0,0.28368794326241137
The Royal Rucchik Restaurant, Goa,Sichuan,3.3,135.77586206896552,58.0,0.0,0.0
The Royal Ruchik, Goa,Biryani,3.9,183.225,40.0,0.0,0.15
The Tea Planet, Hyderabad,Coffee,3.5,105.28148148148148,135.0,0.0,0.0
The Thickshake Factory, Hyderabad,Beverages,3.6,227.53398058252426,103.0,0.0,0.0970873786407767
The Waffle Bite, Jaipur,Fast Food,3.961132015620043,124.22388059701493,134.0,0.0,0.029850746268656716
The Wrap House, Hyderabad,Fast Food,4.05,204.56140350877192,57.0,1.0,0.03508771929824561
The Yellow House - The Robot Restaurant, Jaipur,Beverages,3.6,327.6770833333333,96.0,0.0,0.4270833333333333
Theobroma, Bangalore,Beverages,3.8,388.4246575342466,278.0,0.0,0.3287671232876712
Theobroma, Mumbai,Beverages,3.9499999999999997,389.3939393939394,278.0,0.0,0.3409090909090909
Third Wave Coffee, Pune,Pizza,4.15,265.429375,144.0,1.0,0.18055555555555555
Tibb's Frankie - Serving Rolls Since 1969, Hyderabad,Rolls,4.15,79.16666666666667,12.0,1.0,0.0
Tibet Momo - World Class Pan Asian Cuisine, Chennai,Tibetan,4.0,169.0,20.0,1.0,0.0
Tipsy Restaurant, Jaipur,South Indian,3.9,201.4245810055866,179.0,0.0,0.0670391061452514
Tipsy Topsy Bakery, Hyderabad,Chinese,3.85,174.9712643678161,174.0,0.0,0.06321839080459771
Tite Da Dhaba, New Delhi,North Indian,4.1,99.11818181818182,110.0,1.0,0.0
Toscano, Chennai,Beverages,4.4,501.85641025641024,195.0,1.0,0.676923076923077
Tossin Pizza, Mumbai,Beverages,4.15,377.5113636363636,176.0,1.0,0.5738636363636364
Tower Burger, Chennai,Beverages,3.75,110.20560747663552,107.0,0.0,0.04672897196261682
Truffles, Bangalore,Desserts,4.449999999999999,220.9531320754717,530.0,1.0,0.12830188679245283
Tuday Kebabi, Lucknow,Biryani,3.511132015620044,142.6829268292683,82.0,0.0,0.0
U & Me Soya Chaap, Jaipur,North Indian,3.5,161.77966101694915,59.0,0.0,0.0
UBQ by Barbeque Nation, Chennai,Desserts,3.861132015620044,462.7196261682243,304.0,0.0,0.616822429906542
UBQ by Barbeque Nation, Hyderabad,Desserts,3.7611320156200443,419.0860215053763,304.0,0.0,0.5591397849462365
UBQ by Barbeque Nation, Kochi,Desserts,3.711132015620044,430.91346153846155,304.0,0.0,0.6057692307692307
Umiya Annpurna Kathiyawadi, Ahmedabad,North Indian,3.5499999999999994,134.4954954954955,111.0,0.0,0.0
Universal Al Mataam Mandi Kebab & Biryani, Hyderabad,Kebab,3.8,244.2093023255814,129.0,0.0,0.17829457364341086
Unlimited Pizza & Fast Food Corner, Jaipur,Street Food,3.9111320156200433,267.9193548387097,124.0,0.0,0.3467741935483871
Unlimited Pizza and Fast Food Corner, Jaipur,Street Food,3.8611320156200444,115.08333333333333,72.0,0.0,0.0
Uno Dos Tres, Raipur,Pizza,3.45,159.98214285714286,280.0,0.0,0.08928571428571429
Urban Biryani, Raipur,Pizza,4.0,208.2056277056277,462.0,1.0,0.19696969696969696
Urban Khichdi, Ahmedabad,Beverages,4.35,240.68,125.0,1.0,0.152
Ustaad's Kitchen, Raipur,Pizza,4.2,265.09615384615387,52.0,1.0,0.25
Vadilal - Scoop Shop, Ahmedabad,Beverages,3.9,146.82092857142857,140.0,0.0,0.02857142857142857
Vadilal Ice Creams, Lucknow,Beverages,3.861132015620044,253.68421052631578,57.0,0.0,0.42105263157894735
Vaishnav Dhaba, Jaipur,South Indian,3.861132015620044,169.92727272727274,110.0,0.0,0.00909090909090909
Veggie Corner, Kolkata,Pizza,3.85,144.56896551724137,174.0,0.0,0.0
Veggiies, Raipur,Pizza,3.9,224.32422222222223,90.0,0.0,0.4777777777777778
Victorian Bakery, Jaipur,Street Food,3.961132015620043,99.45736434108527,129.0,0.0,0.046511627906976744
Virasat - E - Curry, Ahmedabad,North Indian,3.8611320156200444,208.6985294117647,136.0,0.0,0.0
WFC - Wow Fried Chicken, Kolkata,Pizza,3.45,199.9090909090909,44.0,0.0,0.11363636363636363
WOW! China, Bangalore,Momos,3.9499999999999997,248.55407894736842,461.0,0.0,0.16447368421052633
WOW! China, Chennai,Seafood,3.9,257.88593333333336,461.0,0.0,0.22
WOW! China, Kolkata,Desserts,4.1,261.5691194968553,461.0,1.0,0.27672955974842767
WOW! Momo, Bangalore,Fast Food,3.6,211.64124137931034,376.0,0.0,0.1793103448275862
WOW! Momo, Hyderabad,Beverages,4.011132015620044,186.85683333333333,376.0,1.0,0.1
WOW! Momo, Kolkata,Fast Food,3.9500000000000006,174.32531531531532,376.0,0.0,0.07207207207207207
Wafflez, Raipur,Pizza,4.1,140.1764705882353,51.0,1.0,0.0
Wangs Kitchen, Chennai,Desserts,3.65,395.07092198581563,141.0,0.0,0.851063829787234
Wat-a-Burger! - India ka Burger, Lucknow,Beverages,3.9000000000000004,287.3012987012987,330.0,0.0,0.12987012987012986
Wat-a-Burger! - India ka Burger, New Delhi,Beverages,3.7,286.54829545454544,330.0,0.0,0.125
Wendy's, Pune,Fast Food,3.811132015620044,276.5336322869955,223.0,0.0,0.34080717488789236
Wendy's Burgers, Bangalore,American,4.011132015620044,242.25,460.0,1.0,0.2719298245614035
Wendy's Burgers, Hyderabad,Beverages,3.961132015620043,241.19827586206895,460.0,0.0,0.27155172413793105
William John's Pizza, Ahmedabad,American,3.6,220.2826086956522,46.0,0.0,0.17391304347826086
Winners Pizza - Fresh Dough, Mumbai,Beverages,3.511132015620044,349.2142857142857,140.0,0.0,0.38571428571428573
Woodys Brook, Kochi,Shake,3.9111320156200433,294.75,28.0,0.0,0.39285714285714285
Wowfillss, Mumbai,Beverages,3.9111320156200433,130.3153153153153,111.0,0.0,0.02702702702702703
Writer's Cafe, Chennai,Beverages,4.05,185.12148936170215,141.0,1.0,0.1347517730496454
Xero Degrees, Raipur,Pizza,3.9111320156200433,282.16062176165804,193.0,0.0,0.19689119170984457
Yashwanth Pizza Den, Hyderabad,Beverages,3.9111320156200433,167.42696629213484,89.0,0.0,0.10112359550561797
Z K Fry Centre, Ahmedabad,Mughlai,3.8,198.50574712643677,87.0,0.0,0.022988505747126436
Zafar's Fine Dine, Hyderabad,Desserts,3.95,357.96380090497735,221.0,0.0,0.6108597285067874
Zaffran Mataam Alarabi, Hyderabad,Desserts,4.1,805.6521739130435,23.0,1.0,0.9565217391304348
Zam Zam Briyani, Chennai,North Indian,3.35,233.52991452991452,117.0,0.0,0.13675213675213677
Zam Zam Restaurant, Kolkata,Pizza,4.25,174.32380952380953,105.0,1.0,0.06666666666666667
Zeeshan Biryani Corner, Lucknow,Biryani,3.85,161.44736842105263,38.0,0.0,0.0
Zomoz - The Momo Company, Hyderabad,Fast Food,4.061132015620044,158.8067032967033,91.0,1.0,0.06593406593406594
